maker_slug,maker_name,model_slug,model_name,family_name,source_state,priority,customer_visible,section_count,diagram_count,part_row_count,first_blocking_stage
audi,Audi,100-c2-typ-43,100 C2 (Typ 43),100,OBSERVED_BUNDLE,,false,6,8,159,FITMENT_READY
audi,Audi,100-c2-typ-43-facelift,100 C2 (Typ 43) Facelift,100,OBSERVED_BUNDLE,,false,6,8,160,FITMENT_READY
audi,Audi,100-c3-typ-44,100 C3 (Typ 44),100,OBSERVED_BUNDLE,,false,6,7,132,FITMENT_READY
audi,Audi,100-c3-typ-44-facelift,100 C3 (Typ 44) Facelift,100,OBSERVED_BUNDLE,,false,6,11,190,FITMENT_READY
audi,Audi,100-c4-typ-4a,100 C4 (Typ 4A),100,OBSERVED_BUNDLE,,false,6,40,751,FITMENT_READY
audi,Audi,100-c4-typ-4a-facelift,100 C4 (Typ 4A) Facelift,100,OBSERVED_BUNDLE,,false,6,16,309,FITMENT_READY
audi,Audi,200-c2-typ-43,200 C2 (Typ 43),200,OBSERVED_BUNDLE,,false,6,4,75,FITMENT_READY
audi,Audi,200-c3-typ-44,200 C3 (Typ 44),200,OBSERVED_BUNDLE,,false,6,6,107,FITMENT_READY
audi,Audi,200-c3-typ-44-facelift,200 C3 (Typ 44) Facelift,200,OBSERVED_BUNDLE,,false,6,19,313,FITMENT_READY
audi,Audi,50-typ-86,50 (Typ 86),50 (Typ 86),OBSERVED_BUNDLE,,false,6,10,144,FITMENT_READY
audi,Audi,80-rs-2-typ-8c,80 RS 2 (Typ 8C),80 RS 2 (Typ 8C),OBSERVED_BUNDLE,,false,6,3,40,FITMENT_READY
audi,Audi,80-90-b1-typ-80,80/90 B1 (Typ 80),80/90,OBSERVED_BUNDLE,,false,6,10,200,FITMENT_READY
audi,Audi,80-90-b1-typ-82-facelift,80/90 B1 (Typ 82) Facelift,80/90,OBSERVED_BUNDLE,,false,6,7,125,FITMENT_READY
audi,Audi,80-90-b3-typ-89,80/90 B3 (Typ 89),80/90,OBSERVED_BUNDLE,,false,6,6,120,FITMENT_READY
audi,Audi,80-90-b4-typ-8c,80/90 B4 (Typ 8C),80/90,OBSERVED_BUNDLE,,false,6,9,165,FITMENT_READY
audi,Audi,a1-typ-8x,A1 (Typ 8X),A1 (Typ 8X),OBSERVED_BUNDLE,,false,6,61,991,FITMENT_READY
audi,Audi,a1-typ-8x-facelift,A1 (Typ 8X) Facelift,A1 (Typ 8X),OBSERVED_BUNDLE,,false,6,89,1443,FITMENT_READY
audi,Audi,a1-typ-gb,A1 (Typ GB),A1 (Typ GB),OBSERVED_BUNDLE,,false,6,48,720,FITMENT_READY
audi,Audi,a2-typ-8z,A2 (Typ 8Z),A2 (Typ 8Z),OBSERVED_BUNDLE,,false,6,49,874,FITMENT_READY
audi,Audi,a3-typ-8p-facelift,A3 (Typ 8P) Facelift,A3 (Typ 8P),OBSERVED_BUNDLE,,false,6,60,1024,FITMENT_READY
audi,Audi,a3-typ-8v,A3 (Typ 8V),A3 (Typ 8V),OBSERVED_BUNDLE,,false,6,86,1364,FITMENT_READY
audi,Audi,a3-typ-8v-facelift,A3 (Typ 8V) Facelift,A3 (Typ 8V),OBSERVED_BUNDLE,,false,6,86,1439,FITMENT_READY
audi,Audi,a3-s3-typ-8l,A3/S3 (Typ 8L),A3/S3 (Typ 8L),OBSERVED_BUNDLE,,false,6,43,777,FITMENT_READY
audi,Audi,a3-s3-typ-8l-facelift,A3/S3 (Typ 8L) Facelift,A3/S3 (Typ 8L),OBSERVED_BUNDLE,,false,6,55,987,FITMENT_READY
audi,Audi,a3-s3-typ-8p,A3/S3 (Typ 8P),A3/S3 (Typ 8P),OBSERVED_BUNDLE,,false,6,46,862,FITMENT_READY
audi,Audi,a3-s3-typ-8p-facelift,A3/S3 (Typ 8P) Facelift,A3/S3 (Typ 8P),OBSERVED_BUNDLE,,false,6,64,1160,FITMENT_READY
audi,Audi,a3-s3-typ-8v,A3/S3 (Typ 8V),A3/S3 (Typ 8V),OBSERVED_BUNDLE,,false,6,106,1799,FITMENT_READY
audi,Audi,a3-s3-typ-8v-facelift,A3/S3 (Typ 8V) Facelift,A3/S3 (Typ 8V),OBSERVED_BUNDLE,,false,6,88,1471,FITMENT_READY
audi,Audi,a3-s3-typ-8y,A3/S3 (Typ 8Y),A3/S3 (Typ 8Y),OBSERVED_BUNDLE,,false,6,62,1007,FITMENT_READY
audi,Audi,a3-s3-rs3-typ-8y-facelift,A3/S3/RS3 (Typ 8Y) Facelift,A3/S3/RS3 (Typ 8Y),OBSERVED_BUNDLE,,false,6,0,0,FITMENT_READY
audi,Audi,a4-b5-typ-8d,A4 B5 (Typ 8D),A4,OBSERVED_BUNDLE,,false,6,22,439,FITMENT_READY
audi,Audi,a4-b5-typ-8d-facelift,A4 B5 (Typ 8D) Facelift,A4,OBSERVED_BUNDLE,,false,6,54,1038,FITMENT_READY
audi,Audi,a4-b6-typ-8e-8h,A4 B6 (Typ 8E/8H),A4,OBSERVED_BUNDLE,,false,6,4,74,FITMENT_READY
audi,Audi,a4-b7-typ-8e-8h,A4 B7 (Typ 8E/8H),A4,OBSERVED_BUNDLE,,false,6,45,854,FITMENT_READY
audi,Audi,a4-b8-typ-8k,A4 B8 (Typ 8K),A4,OBSERVED_BUNDLE,,false,6,0,0,FITMENT_READY
audi,Audi,a4-b8-typ-8k-facelift,A4 B8 (Typ 8K) Facelift,A4,OBSERVED_BUNDLE,,false,6,77,1302,FITMENT_READY
audi,Audi,a4-b9-typ-8w,A4 B9 (Typ 8W),A4,OBSERVED_BUNDLE,,false,6,0,0,FITMENT_READY
audi,Audi,a4-b9-typ-8w-facelift,A4 B9 (Typ 8W) Facelift,A4,OBSERVED_BUNDLE,,false,6,0,0,FITMENT_READY
audi,Audi,a4-s4-b5-typ-8d,A4/S4 B5 (Typ 8D),A4/S4,OBSERVED_BUNDLE,,false,6,11,200,FITMENT_READY
audi,Audi,a4-s4-b5-typ-8d-facelift,A4/S4 B5 (Typ 8D) Facelift,A4/S4,OBSERVED_BUNDLE,,false,6,44,814,FITMENT_READY
audi,Audi,a4-s4-b6-typ-8e-8h,A4/S4 B6 (Typ 8E/8H),A4/S4,OBSERVED_BUNDLE,,false,6,51,947,FITMENT_READY
audi,Audi,a4-s4-b8-typ-8k,A4/S4 B8 (Typ 8K),A4/S4,OBSERVED_BUNDLE,,false,6,98,1614,FITMENT_READY
audi,Audi,a4-s4-b8-typ-8k-facelift,A4/S4 B8 (Typ 8K) Facelift,A4/S4,OBSERVED_BUNDLE,,false,6,81,1352,FITMENT_READY
audi,Audi,a4-s4-b9-typ-8w,A4/S4 B9 (Typ 8W),A4/S4,OBSERVED_BUNDLE,,false,6,75,1301,FITMENT_READY
audi,Audi,a4-s4-b9-typ-8w-facelift,A4/S4 B9 (Typ 8W) Facelift,A4/S4,OBSERVED_BUNDLE,,false,6,0,0,FITMENT_READY
audi,Audi,a5-b10,A5 (B10),A5 (B10),OBSERVED_BUNDLE,,false,6,74,1240,FITMENT_READY
audi,Audi,a5-s5-8t,A5/S5 (8T),A5/S5 (8T),OBSERVED_BUNDLE,,false,6,100,1680,FITMENT_READY
audi,Audi,a5-s5-8t-facelift,A5/S5 (8T) Facelift,A5/S5 (8T),OBSERVED_BUNDLE,,false,6,67,1109,FITMENT_READY
audi,Audi,a5-s5-f5,A5/S5 (F5),A5/S5 (F5),OBSERVED_BUNDLE,,false,6,78,1340,FITMENT_READY
audi,Audi,a5-s5-f5-facelift,A5/S5 (F5) Facelift,A5/S5 (F5),OBSERVED_BUNDLE,,false,6,0,0,FITMENT_READY
audi,Audi,a5l-b10,A5L (B10),A5L (B10),OBSERVED_BUNDLE,,false,6,61,905,FITMENT_READY
audi,Audi,a6-c4-typ-4a,A6 C4 (Typ 4A),A6,OBSERVED_BUNDLE,,false,6,18,301,FITMENT_READY
audi,Audi,a6-c5-typ-4b,A6 C5 (Typ 4B),A6,OBSERVED_BUNDLE,,false,6,57,1085,FITMENT_READY
audi,Audi,a6-c5-typ-4b-facelift,A6 C5 (Typ 4B) Facelift,A6,OBSERVED_BUNDLE,,false,6,57,1053,FITMENT_READY
audi,Audi,a6-c6-typ-4f,A6 C6 (Typ 4F),A6,OBSERVED_BUNDLE,,false,6,1,5,FITMENT_READY
audi,Audi,a6-c6-typ-4f-facelift,A6 C6 (Typ 4F) Facelift,A6,OBSERVED_BUNDLE,,false,6,0,0,FITMENT_READY
audi,Audi,a6-c7-typ-4g,A6 C7 (Typ 4G),A6,OBSERVED_BUNDLE,,false,6,1,0,FITMENT_READY
audi,Audi,a6-c7-typ-4g-facelift,A6 C7 (Typ 4G) Facelift,A6,OBSERVED_BUNDLE,,false,6,0,0,FITMENT_READY
audi,Audi,a6-c8-typ-4k,A6 C8 (Typ 4K),A6,OBSERVED_BUNDLE,,false,6,0,0,FITMENT_READY
audi,Audi,a6-c8-typ-4k-facelift,A6 C8 (Typ 4K) Facelift,A6,OBSERVED_BUNDLE,,false,6,0,0,FITMENT_READY
audi,Audi,a6-c9-typ-4l,A6 C9 (Typ 4L),A6,OBSERVED_BUNDLE,,false,6,84,1360,FITMENT_READY
audi,Audi,a6-e-tron-c9-typ-4l,A6 e-tron C9 (Typ 4L),A6 e-tron,OBSERVED_BUNDLE,,false,6,85,1280,FITMENT_READY
audi,Audi,a6-s6-c4-typ-4a,A6/S6 C4 (Typ 4A),A6/S6,OBSERVED_BUNDLE,,false,6,26,490,FITMENT_READY
audi,Audi,a6-s6-c5-typ-4b,A6/S6 C5 (Typ 4B),A6/S6,OBSERVED_BUNDLE,,false,6,29,520,FITMENT_READY
audi,Audi,a6-s6-c5-typ-4b-facelift,A6/S6 C5 (Typ 4B) Facelift,A6/S6,OBSERVED_BUNDLE,,false,6,56,1020,FITMENT_READY
audi,Audi,a6-s6-c6-typ-4f,A6/S6 C6 (Typ 4F),A6/S6,OBSERVED_BUNDLE,,false,6,90,1544,FITMENT_READY
audi,Audi,a6-s6-c6-typ-4f-facelift,A6/S6 C6 (Typ 4F) Facelift,A6/S6,OBSERVED_BUNDLE,,false,6,45,692,FITMENT_READY
audi,Audi,a6-s6-c7-typ-4g,A6/S6 C7 (Typ 4G),A6/S6,OBSERVED_BUNDLE,,false,6,69,1152,FITMENT_READY
audi,Audi,a6-s6-c7-typ-4g-facelift,A6/S6 C7 (Typ 4G) Facelift,A6/S6,OBSERVED_BUNDLE,,false,6,96,1647,FITMENT_READY
audi,Audi,a6-s6-c8-typ-4k,A6/S6 C8 (Typ 4K),A6/S6,OBSERVED_BUNDLE,,false,6,52,808,FITMENT_READY
audi,Audi,a6-s6-c8-typ-4k-facelift,A6/S6 C8 (Typ 4K) Facelift,A6/S6,OBSERVED_BUNDLE,,false,6,0,0,FITMENT_READY
audi,Audi,a6l-c9-typ-4l,A6L C9 (Typ 4L),A6L,OBSERVED_BUNDLE,,false,6,84,1330,FITMENT_READY
audi,Audi,a7-sportback-c7-type-4g8,A7 Sportback C7 (Type 4G8),A7 Sportback,OBSERVED_BUNDLE,,false,6,95,1595,FITMENT_READY
audi,Audi,a7-sportback-c7-type-4g8-facelift,A7 Sportback C7 (Type 4G8) Facelift,A7 Sportback,OBSERVED_BUNDLE,,false,6,68,1137,FITMENT_READY
audi,Audi,a7-sportback-c8-type-4k8,A7 Sportback C8 (Type 4K8),A7 Sportback,OBSERVED_BUNDLE,,false,6,35,522,FITMENT_READY
audi,Audi,a7-sportback-c8-type-4k8-facelift,A7 Sportback C8 (Type 4K8) Facelift,A7 Sportback,OBSERVED_BUNDLE,,false,6,0,0,FITMENT_READY
audi,Audi,a8-d2-typ-4d,A8 D2 (Typ 4D),A8,OBSERVED_BUNDLE,,false,6,12,240,FITMENT_READY
audi,Audi,a8-d2-typ-4d-facelift,A8 D2 (Typ 4D) Facelift,A8,OBSERVED_BUNDLE,,false,6,44,807,FITMENT_READY
audi,Audi,a8-d3-typ-4e,A8 D3 (Typ 4E),A8,OBSERVED_BUNDLE,,false,6,0,0,FITMENT_READY
audi,Audi,a8-d3-typ-4e-facelift,A8 D3 (Typ 4E) Facelift,A8,OBSERVED_BUNDLE,,false,6,0,0,FITMENT_READY
audi,Audi,a8-d4-typ-4h,A8 D4 (Typ 4H),A8,OBSERVED_BUNDLE,,false,6,0,0,FITMENT_READY
audi,Audi,a8-d4-typ-4h-facelift,A8 D4 (Typ 4H) Facelift,A8,OBSERVED_BUNDLE,,false,6,0,0,FITMENT_READY
audi,Audi,a8-d5-typ-4n,A8 D5 (Typ 4N),A8,OBSERVED_BUNDLE,,false,6,0,0,FITMENT_READY
audi,Audi,a8-d5-typ-4n-facelift,A8 D5 (Typ 4N) Facelift,A8,OBSERVED_BUNDLE,,false,6,0,0,FITMENT_READY
audi,Audi,a8-s8-d2-typ-4d,A8/S8 D2 (Typ 4D),A8/S8,OBSERVED_BUNDLE,,false,6,11,200,FITMENT_READY
audi,Audi,a8-s8-d2-typ-4d-facelift,A8/S8 D2 (Typ 4D) Facelift,A8/S8,OBSERVED_BUNDLE,,false,6,75,1314,FITMENT_READY
audi,Audi,a8-s8-d3-typ-4e,A8/S8 D3 (Typ 4E),A8/S8,OBSERVED_BUNDLE,,false,6,50,798,FITMENT_READY
audi,Audi,a8-s8-d3-typ-4e-facelift,A8/S8 D3 (Typ 4E) Facelift,A8/S8,OBSERVED_BUNDLE,,false,6,56,942,FITMENT_READY
audi,Audi,a8-s8-d4-typ-4h,A8/S8 D4 (Typ 4H),A8/S8,OBSERVED_BUNDLE,,false,6,116,1929,FITMENT_READY
audi,Audi,a8-s8-d4-typ-4h-facelift,A8/S8 D4 (Typ 4H) Facelift,A8/S8,OBSERVED_BUNDLE,,false,6,99,1598,FITMENT_READY
audi,Audi,a8-s8-d5-typ-4n,A8/S8 D5 (Typ 4N),A8/S8,OBSERVED_BUNDLE,,false,6,107,1784,FITMENT_READY
audi,Audi,a8-s8-d5-typ-4n-facelift,A8/S8 D5 (Typ 4N) Facelift,A8/S8,OBSERVED_BUNDLE,,false,6,0,0,FITMENT_READY
audi,Audi,coupe-b2,Coupe B2,Coupe,OBSERVED_BUNDLE,,false,6,5,80,FITMENT_READY
audi,Audi,coupe-b2-facelift,Coupe B2 Facelift,Coupe,OBSERVED_BUNDLE,,false,6,0,0,FITMENT_READY
audi,Audi,coupe-b3,Coupe B3,Coupe,OBSERVED_BUNDLE,,false,6,10,179,FITMENT_READY
audi,Audi,e-tron,e-tron,e-tron,OBSERVED_BUNDLE,,false,6,0,0,FITMENT_READY
audi,Audi,e-tron-gt,e-tron GT,e-tron GT,OBSERVED_BUNDLE,,false,6,66,1076,FITMENT_READY
audi,Audi,e-tron-gt-facelift,e-tron GT Facelift,e-tron GT,OBSERVED_BUNDLE,,false,6,0,0,FITMENT_READY
audi,Audi,q2-typ-ga,Q2 (Typ GA),Q2 (Typ GA),OBSERVED_BUNDLE,,false,6,73,1094,FITMENT_READY
audi,Audi,q2-typ-ga-facelift,Q2 (Typ GA) Facelift,Q2 (Typ GA),OBSERVED_BUNDLE,,false,6,0,0,FITMENT_READY
audi,Audi,q3-typ-8u,Q3 (Typ 8U),Q3 (Typ 8U),OBSERVED_BUNDLE,,false,6,84,1326,FITMENT_READY
audi,Audi,q3-typ-8u-facelift,Q3 (Typ 8U) Facelift,Q3 (Typ 8U),OBSERVED_BUNDLE,,false,6,76,1161,FITMENT_READY
audi,Audi,q3-typ-f3,Q3 (Typ F3),Q3 (Typ F3),OBSERVED_BUNDLE,,false,6,63,1027,FITMENT_READY
audi,Audi,q3-typ-f3-facelift,Q3 (Typ F3) Facelift,Q3 (Typ F3),OBSERVED_BUNDLE,,false,6,0,0,FITMENT_READY
audi,Audi,q3-typ-fj,Q3 (Typ FJ),Q3 (Typ FJ),OBSERVED_BUNDLE,,false,6,55,825,FITMENT_READY
audi,Audi,q4-e-tron-typ-f4,Q4 e-tron (Typ F4),Q4 e-tron (Typ F4),OBSERVED_BUNDLE,,false,6,47,657,FITMENT_READY
audi,Audi,q5-typ-8r,Q5 (Typ 8R),Q5 (Typ 8R),OBSERVED_BUNDLE,,false,6,66,1064,FITMENT_READY
audi,Audi,q5-typ-8r-facelift,Q5 (Typ 8R) Facelift,Q5 (Typ 8R),OBSERVED_BUNDLE,,false,6,66,1076,FITMENT_READY
audi,Audi,q5-typ-b10,Q5 (Typ B10),Q5 (Typ B10),OBSERVED_BUNDLE,,false,6,65,1049,FITMENT_READY
audi,Audi,q5-typ-fy,Q5 (Typ FY),Q5 (Typ FY),OBSERVED_BUNDLE,,false,6,97,1598,FITMENT_READY
audi,Audi,q5-typ-fy-facelift,Q5 (Typ FY) Facelift,Q5 (Typ FY),OBSERVED_BUNDLE,,false,6,0,0,FITMENT_READY
audi,Audi,q6-e-tron,Q6 e-tron,Q6 e-tron,OBSERVED_BUNDLE,,false,6,75,1171,FITMENT_READY
audi,Audi,q7-typ-4l,Q7 (Typ 4L),Q7 (Typ 4L),OBSERVED_BUNDLE,,false,6,70,921,FITMENT_READY
audi,Audi,q7-typ-4l-facelift,Q7 (Typ 4L) Facelift,Q7 (Typ 4L),OBSERVED_BUNDLE,,false,6,104,1725,FITMENT_READY
audi,Audi,q7-typ-4m,Q7 (Typ 4M),Q7 (Typ 4M),OBSERVED_BUNDLE,,false,6,74,1293,FITMENT_READY
audi,Audi,q7-typ-4m-1st-facelift,Q7 (Typ 4M) 1st Facelift,Q7 (Typ 4M),OBSERVED_BUNDLE,,false,6,0,0,FITMENT_READY
audi,Audi,q7-typ-4m-2nd-facelift,Q7 (Typ 4M) 2nd Facelift,Q7 (Typ 4M),OBSERVED_BUNDLE,,false,6,0,0,FITMENT_READY
audi,Audi,q8-typ-4m,Q8 (Typ 4M),Q8 (Typ 4M),OBSERVED_BUNDLE,,false,6,29,0,FITMENT_READY
audi,Audi,q8-typ-4m-facelift,Q8 (Typ 4M) Facelift,Q8 (Typ 4M),OBSERVED_BUNDLE,,false,6,0,0,FITMENT_READY
audi,Audi,q8-e-tron-typ-4m-facelift,Q8 e-tron (Typ 4M) Facelift,Q8 e-tron (Typ 4M),OBSERVED_BUNDLE,,false,6,55,928,FITMENT_READY
audi,Audi,quattro-sport-typ-85,Quattro/Sport (Typ 85),Quattro/Sport (Typ 85),OBSERVED_BUNDLE,,false,6,8,0,FITMENT_READY
audi,Audi,quattro-sport-typ-85-facelift,Quattro/Sport (Typ 85) Facelift,Quattro/Sport (Typ 85),OBSERVED_BUNDLE,,false,6,0,0,FITMENT_READY
audi,Audi,r8-spyder-typ-42,R8/Spyder (Typ 42),R8/Spyder (Typ 42),OBSERVED_BUNDLE,,false,6,101,0,FITMENT_READY
audi,Audi,r8-spyder-typ-42-facelift,R8/Spyder (Typ 42) Facelift,R8/Spyder (Typ 42),OBSERVED_BUNDLE,,false,6,89,0,FITMENT_READY
audi,Audi,r8-spyder-typ-4s,R8/Spyder (Typ 4S),R8/Spyder (Typ 4S),OBSERVED_BUNDLE,,false,6,98,0,FITMENT_READY
audi,Audi,r8-spyder-typ-4s-facelift,R8/Spyder (Typ 4S) Facelift,R8/Spyder (Typ 4S),OBSERVED_BUNDLE,,false,6,0,0,FITMENT_READY
audi,Audi,rs-5-f5-facelift,RRS 5 (F5) Facelift,RRS 5 (F5),OBSERVED_BUNDLE,,false,6,0,0,FITMENT_READY
audi,Audi,rs-3-8p,RS 3 (8P),RS 3 (8P),OBSERVED_BUNDLE,,false,6,64,0,FITMENT_READY
audi,Audi,rs-3-8v,RS 3 (8P),RS 3 (8P),OBSERVED_BUNDLE,,false,6,99,0,FITMENT_READY
audi,Audi,rs-4-b5,RS 4 B5,RS 4,OBSERVED_BUNDLE,,false,6,33,0,FITMENT_READY
audi,Audi,rs-4-b7,RS 4 B7,RS 4,OBSERVED_BUNDLE,,false,6,34,0,FITMENT_READY
audi,Audi,rs-4-b8,RS 4 B8,RS 4,OBSERVED_BUNDLE,,false,6,35,0,FITMENT_READY
audi,Audi,rs-5-8t,RS 5 (8T),RS 5 (8T),OBSERVED_BUNDLE,,false,6,89,0,FITMENT_READY
audi,Audi,rs-5-8t-facelift,RS 5 (8T) Facelift,RS 5 (8T),OBSERVED_BUNDLE,,false,6,3,0,FITMENT_READY
audi,Audi,rs-5-f5,RS 5 (F5),RS 5 (F5),OBSERVED_BUNDLE,,false,6,82,0,FITMENT_READY
audi,Audi,rs-6-plus-c5,RS 6 Plus C5,RS 6 Plus,OBSERVED_BUNDLE,,false,6,92,0,FITMENT_READY
audi,Audi,rs-6-plus-c6,RS 6 Plus C6,RS 6 Plus,OBSERVED_BUNDLE,,false,6,74,0,FITMENT_READY
audi,Audi,rs-6-plus-c7,RS 6 Plus C7,RS 6 Plus,OBSERVED_BUNDLE,,false,6,92,0,FITMENT_READY
audi,Audi,rs-6-plus-c7-facelift,RS 6 Plus C7 Facelift,RS 6 Plus,OBSERVED_BUNDLE,,false,6,0,0,FITMENT_READY
audi,Audi,rs-6-plus-c8,RS 6 Plus C8,RS 6 Plus,OBSERVED_BUNDLE,,false,6,55,0,FITMENT_READY
audi,Audi,rs-6-plus-c8-facelift,RS 6 Plus C8 Facelift,RS 6 Plus,OBSERVED_BUNDLE,,false,6,0,0,FITMENT_READY
audi,Audi,rs-7-c7-typ-4g,RS 7 C7 (Typ 4G),RS 7,OBSERVED_BUNDLE,,false,6,102,0,FITMENT_READY
audi,Audi,rs-7-c8-typ-4k,RS 7 C8 (Typ 4K),RS 7,OBSERVED_BUNDLE,,false,6,73,0,FITMENT_READY
audi,Audi,rs-7-c8-typ-4k-facelift,RS 7 C8 (Typ 4K) Facelift,RS 7,OBSERVED_BUNDLE,,false,6,0,0,FITMENT_READY
audi,Audi,rs-q3-typ-8u,RS Q3 (Typ 8U),RS,OBSERVED_BUNDLE,,false,6,110,0,FITMENT_READY
audi,Audi,rs-q3-typ-f3,RS Q3 (Typ F3),RS,OBSERVED_BUNDLE,,false,6,56,0,FITMENT_READY
audi,Audi,rs-q8-typ-4m,RS Q8 (Typ 4M),RS,OBSERVED_BUNDLE,,false,6,82,0,FITMENT_READY
audi,Audi,rs-q8-typ-4m-facelift,RS Q8 (Typ 4M) Facelift,RS,OBSERVED_BUNDLE,,false,6,0,0,FITMENT_READY
audi,Audi,rs3-8v-facelift,RS3 (8V) Facelift,RS3 (8V),OBSERVED_BUNDLE,,false,6,108,0,FITMENT_READY
audi,Audi,s6-plus-c4-typ-4a,S6 Plus C4 (Typ 4A),S6 Plus,OBSERVED_BUNDLE,,false,6,1,0,FITMENT_READY
audi,Audi,tt-type-8s-facelift,TT (Type 8S) Facelift,TT (Type 8S),OBSERVED_BUNDLE,,false,6,87,0,FITMENT_READY
audi,Audi,tt-rs-type-8j-facelift,TT RS (Type 8J) Facelift,TT RS (Type 8J),OBSERVED_BUNDLE,,false,6,62,0,FITMENT_READY
audi,Audi,tt-rs-type-8s,TT RS (Type 8S),TT RS (Type 8S),OBSERVED_BUNDLE,,false,6,62,0,FITMENT_READY
audi,Audi,tt-tts-type-8j,TT/TTS (Type 8J),TT/TTS (Type 8J),OBSERVED_BUNDLE,,false,6,41,0,FITMENT_READY
audi,Audi,tt-tts-type-8j-facelift,TT/TTS (Type 8J) Facelift,TT/TTS (Type 8J),OBSERVED_BUNDLE,,false,6,59,0,FITMENT_READY
audi,Audi,tt-tts-type-8n,TT/TTS (Type 8N),TT/TTS (Type 8N),OBSERVED_BUNDLE,,false,6,52,0,FITMENT_READY
audi,Audi,tt-tts-type-8n-facelift,TT/TTS (Type 8N) Facelift,TT/TTS (Type 8N),OBSERVED_BUNDLE,,false,6,81,0,FITMENT_READY
audi,Audi,tt-tts-type-8s,TT/TTS (Type 8S),TT/TTS (Type 8S),OBSERVED_BUNDLE,,false,6,0,0,FITMENT_READY
audi,Audi,v8-typ-4c,V8 (Typ 4C),V8 (Typ 4C),OBSERVED_BUNDLE,,false,6,4,0,FITMENT_READY
bmw,Bmw,1-series-e81,1' E81,1',OBSERVED_BUNDLE,,false,6,116,0,FITMENT_READY
bmw,Bmw,1-series-e82,1' E82,1',OBSERVED_BUNDLE,,false,6,113,0,FITMENT_READY
bmw,Bmw,1-series-e87,1' E87,1',OBSERVED_BUNDLE,,false,6,115,0,FITMENT_READY
bmw,Bmw,1-series-e87-lci,1' E87 LCI,1',OBSERVED_BUNDLE,,false,6,108,0,FITMENT_READY
bmw,Bmw,1-series-e88,1' E88,1',OBSERVED_BUNDLE,,false,6,112,0,FITMENT_READY
bmw,Bmw,1-series--f20,1' F20,1',OBSERVED_BUNDLE,,false,6,118,0,FITMENT_READY
bmw,Bmw,1-series-f20-lci,1' F20 LCI,1',OBSERVED_BUNDLE,,false,6,117,0,FITMENT_READY
bmw,Bmw,1-series-f21,1' F21,1',OBSERVED_BUNDLE,,false,6,119,0,FITMENT_READY
bmw,Bmw,1-series-f21-lci,1' F21 LCI,1',OBSERVED_BUNDLE,,false,6,112,0,FITMENT_READY
bmw,Bmw,1-series-f40,1' F40,1',OBSERVED_BUNDLE,,false,6,106,0,FITMENT_READY
bmw,Bmw,1-series-f70,1' F70,1',OBSERVED_BUNDLE,,false,6,111,0,FITMENT_READY
bmw,Bmw,1500-2000cs,1500-2000CS,1500-2000CS,OBSERVED_BUNDLE,,false,6,11,0,FITMENT_READY
bmw,Bmw,1502-2002tii,1502-2002tii,1502-2002tii,OBSERVED_BUNDLE,,false,6,3,0,FITMENT_READY
bmw,Bmw,2-series-f22,2' F22,2',OBSERVED_BUNDLE,,false,6,118,0,FITMENT_READY
bmw,Bmw,2-series-f22-lci,2' F22 LCI,2',OBSERVED_BUNDLE,,false,6,120,0,FITMENT_READY
bmw,Bmw,2-series-f23,2' F23,2',OBSERVED_BUNDLE,,false,6,111,0,FITMENT_READY
bmw,Bmw,2-series-f23-lci,2' F23 LCI,2',OBSERVED_BUNDLE,,false,6,116,0,FITMENT_READY
bmw,Bmw,2-series-f44-gran-coupe,2' F44 Gran Coupe,2',OBSERVED_BUNDLE,,false,6,103,0,FITMENT_READY
bmw,Bmw,2-series-f45-active-tourer,2' F45 Active Tourer,2',OBSERVED_BUNDLE,,false,6,112,0,FITMENT_READY
bmw,Bmw,2-series-f45-active-tourer-lci,2' F45 Active Tourer LCI,2',OBSERVED_BUNDLE,,false,6,105,0,FITMENT_READY
bmw,Bmw,2-series-f46-gran-tourer,2' F46 Gran Tourer,2',OBSERVED_BUNDLE,,false,6,111,0,FITMENT_READY
bmw,Bmw,2-series-f46-gran-tourer-lci,2' F46 Gran Tourer LCI,2',OBSERVED_BUNDLE,,false,6,109,0,FITMENT_READY
bmw,Bmw,2-series-f74-gran-coupe,2' F74 Gran Coupe,2',OBSERVED_BUNDLE,,false,6,107,0,FITMENT_READY
bmw,Bmw,2-series-f78-gran-coupe,2' F78 Gran Coupe,2',OBSERVED_BUNDLE,,false,6,115,0,FITMENT_READY
bmw,Bmw,2-series-f87-m2,2' F87 M2,2',OBSERVED_BUNDLE,,false,6,117,0,FITMENT_READY
bmw,Bmw,2-series-f87-m2-lci,2' F87 M2 LCI,2',OBSERVED_BUNDLE,,false,6,120,0,FITMENT_READY
bmw,Bmw,2-series-g42,2' G42,2',OBSERVED_BUNDLE,,false,6,115,0,FITMENT_READY
bmw,Bmw,2-series-g87-m2,2' G87 M2,2',OBSERVED_BUNDLE,,false,6,116,0,FITMENT_READY
bmw,Bmw,2-series-u06-active-tourer,2' U06 Active Tourer,2',OBSERVED_BUNDLE,,false,6,111,0,FITMENT_READY
bmw,Bmw,25cs-30csl,2.5CS-3.0CSL,2.5CS-3.0CSL,OBSERVED_BUNDLE,,false,6,123,0,FITMENT_READY
bmw,Bmw,2500-33li,2500-3.3Li,2500-3.3Li,OBSERVED_BUNDLE,,false,6,129,0,FITMENT_READY
bmw,Bmw,3-series-e21,3' E21,3',OBSERVED_BUNDLE,,false,6,115,0,FITMENT_READY
bmw,Bmw,3-series-e30,3' E30,3',OBSERVED_BUNDLE,,false,6,95,0,FITMENT_READY
bmw,Bmw,3-series-e36,3' E36,3',OBSERVED_BUNDLE,,false,6,86,0,FITMENT_READY
bmw,Bmw,3-series-e46,3' E46,3',OBSERVED_BUNDLE,,false,6,108,0,FITMENT_READY
bmw,Bmw,3-series-e90,3' E90,3',OBSERVED_BUNDLE,,false,6,115,0,FITMENT_READY
bmw,Bmw,3-series-e90-lci,3' E90 LCI,3',OBSERVED_BUNDLE,,false,6,78,0,FITMENT_READY
bmw,Bmw,3-series-e91,3' E91,3',OBSERVED_BUNDLE,,false,6,72,0,FITMENT_READY
bmw,Bmw,3-series-e91-lci,3' E91 LCI,3',OBSERVED_BUNDLE,,false,6,99,0,FITMENT_READY
bmw,Bmw,3-series-e92,3' E92,3',OBSERVED_BUNDLE,,false,6,110,0,FITMENT_READY
bmw,Bmw,3-series-e92-lci,3' E92 LCI,3',OBSERVED_BUNDLE,,false,6,92,0,FITMENT_READY
bmw,Bmw,3-series-e93,3' E93,3',OBSERVED_BUNDLE,,false,6,107,0,FITMENT_READY
bmw,Bmw,3-series-e93-lci,3' E93 LCI,3',OBSERVED_BUNDLE,,false,6,78,0,FITMENT_READY
bmw,Bmw,3-series-f30,3' F30,3',OBSERVED_BUNDLE,,false,6,93,0,FITMENT_READY
bmw,Bmw,3-series-f30-lci,3' F30 LCI,3',OBSERVED_BUNDLE,,false,6,98,0,FITMENT_READY
bmw,Bmw,3-series-f31,3' F31,3',OBSERVED_BUNDLE,,false,6,93,0,FITMENT_READY
bmw,Bmw,3-series-f31-lci,3' F31 LCI,3',OBSERVED_BUNDLE,,false,6,111,0,FITMENT_READY
bmw,Bmw,3-series-f34-gt,3' F34 GT,3',OBSERVED_BUNDLE,,false,6,105,0,FITMENT_READY
bmw,Bmw,3-series-f34-gt-lci,3' F34 GT LCI,3',OBSERVED_BUNDLE,,false,6,107,0,FITMENT_READY
bmw,Bmw,3-series-f80-m3,3' F80 M3,3',OBSERVED_BUNDLE,,false,6,64,0,FITMENT_READY
bmw,Bmw,3-series-f80-m3-lci,3' F80 M3 LCI,3',OBSERVED_BUNDLE,,false,6,114,0,FITMENT_READY
bmw,Bmw,3-series-g20-saloon,3' G20 Saloon,3',OBSERVED_BUNDLE,,false,6,108,0,FITMENT_READY
bmw,Bmw,3-series-g20-saloon-lci,3' G20 Saloon LCI,3',OBSERVED_BUNDLE,,false,6,116,0,FITMENT_READY
bmw,Bmw,3-series-g21-touring,3' G21 Touring,3',OBSERVED_BUNDLE,,false,6,97,0,FITMENT_READY
bmw,Bmw,3-series-g21-touring-lci,3' G21 Touring LCI,3',OBSERVED_BUNDLE,,false,6,97,0,FITMENT_READY
bmw,Bmw,3-series-g28-saloon,3' G28 Saloon,3',OBSERVED_BUNDLE,,false,6,112,0,FITMENT_READY
bmw,Bmw,3-series-g28-saloon-lci,3' G28 Saloon LCI,3',OBSERVED_BUNDLE,,false,6,110,0,FITMENT_READY
bmw,Bmw,3-series-g80-m3,3' G80 M3,3',OBSERVED_BUNDLE,,false,6,110,0,FITMENT_READY
bmw,Bmw,3-series-g80-m3-lci,3' G80 M3 LCI,3',OBSERVED_BUNDLE,,false,6,95,0,FITMENT_READY
bmw,Bmw,3-series-g81-m3-touring,3' G81 M3 Touring,3',OBSERVED_BUNDLE,,false,6,88,0,FITMENT_READY
bmw,Bmw,3-series-g81-m3-touring-lci,3' G81 M3 Touring LCI,3',OBSERVED_BUNDLE,,false,6,107,0,FITMENT_READY
bmw,Bmw,4-series-f32,4' F32,4',OBSERVED_BUNDLE,,false,6,117,0,FITMENT_READY
bmw,Bmw,4-series-f32-lci,4' F32 LCI,4',OBSERVED_BUNDLE,,false,6,117,0,FITMENT_READY
bmw,Bmw,4-series-f33,4' F33,4',OBSERVED_BUNDLE,,false,6,116,0,FITMENT_READY
bmw,Bmw,4-series-f33-lci,4' F33 LCI,4',OBSERVED_BUNDLE,,false,6,111,0,FITMENT_READY
bmw,Bmw,4-series-f36-gran-coupe,4' F36 Gran Coupe,4',OBSERVED_BUNDLE,,false,6,112,0,FITMENT_READY
bmw,Bmw,4-series-f36-gran-coupe-lci,4' F36 Gran Coupe LCI,4',OBSERVED_BUNDLE,,false,6,118,0,FITMENT_READY
bmw,Bmw,4-series-f82-m4,4' F82 M4,4',OBSERVED_BUNDLE,,false,6,113,0,FITMENT_READY
bmw,Bmw,4-series-f82-m4-lci,4' F82 M4 LCI,4',OBSERVED_BUNDLE,,false,6,117,0,FITMENT_READY
bmw,Bmw,4-series-f83-m4,4' F83 M4,4',OBSERVED_BUNDLE,,false,6,87,0,FITMENT_READY
bmw,Bmw,4-series-f83-m4-lci,4' F83 M4 LCI,4',OBSERVED_BUNDLE,,false,6,119,0,FITMENT_READY
bmw,Bmw,4-series-g22-coupe,4' G22 Coupe,4',OBSERVED_BUNDLE,,false,6,117,0,FITMENT_READY
bmw,Bmw,4-series-g22-coupe-lci,4' G22 Coupe LCI,4',OBSERVED_BUNDLE,,false,6,117,0,FITMENT_READY
bmw,Bmw,4-series-g23-convertible,4' G23 Convertible,4',OBSERVED_BUNDLE,,false,6,118,0,FITMENT_READY
bmw,Bmw,4-series-g23-convertible-lci,4' G23 Convertible LCI,4',OBSERVED_BUNDLE,,false,6,117,0,FITMENT_READY
bmw,Bmw,4-series-g26-gran-coupe,4' G26 Gran Coupe,4',OBSERVED_BUNDLE,,false,6,120,0,FITMENT_READY
bmw,Bmw,4-series-g26-gran-coupe-lci,4' G26 Gran Coupe LCI,4',OBSERVED_BUNDLE,,false,6,118,0,FITMENT_READY
bmw,Bmw,4-series-g82-m4-coupe,4' G82 M4 Coupe,4',OBSERVED_BUNDLE,,false,6,111,0,FITMENT_READY
bmw,Bmw,4-series-g82-m4-coupe-lci,4' G82 M4 Coupe LCI,4',OBSERVED_BUNDLE,,false,6,90,0,FITMENT_READY
bmw,Bmw,4-series-g83-m4-convertible,4' G83 M4 Convertible,4',OBSERVED_BUNDLE,,false,6,113,0,FITMENT_READY
bmw,Bmw,4-series-g83-m4-convertible-lci,4' G83 M4 Convertible LCI,4',OBSERVED_BUNDLE,,false,6,115,0,FITMENT_READY
bmw,Bmw,5-series-e12,5' E12,5',OBSERVED_BUNDLE,,false,6,12,0,FITMENT_READY
bmw,Bmw,5-series-e28,5' E28,5',OBSERVED_BUNDLE,,false,6,25,0,FITMENT_READY
bmw,Bmw,5-series-e34,5' E34,5',OBSERVED_BUNDLE,,false,6,55,100,FITMENT_READY
bmw,Bmw,5-series-e39,5' E39,5',OBSERVED_BUNDLE,,false,6,58,8,FITMENT_READY
bmw,Bmw,5-series-e60,5' E60,5',OBSERVED_BUNDLE,,false,6,106,100,FITMENT_READY
bmw,Bmw,5-series-e60-lci,5' E60 LCI,5',OBSERVED_BUNDLE,,false,6,72,0,FITMENT_READY
bmw,Bmw,5-series-e61,5' E61,5',OBSERVED_BUNDLE,,false,6,78,100,FITMENT_READY
bmw,Bmw,5-series-e61-lci,5' E61 LCI,5',OBSERVED_BUNDLE,,false,6,77,20,FITMENT_READY
bmw,Bmw,5-series-f07-gt,5' F07 GT,5',OBSERVED_BUNDLE,,false,6,86,84,FITMENT_READY
bmw,Bmw,5-series-f07-gt-lci,5' F07 GT LCI,5',OBSERVED_BUNDLE,,false,6,65,0,FITMENT_READY
bmw,Bmw,5-series-f10,5' F10,5',OBSERVED_BUNDLE,,false,6,56,19,FITMENT_READY
bmw,Bmw,5-series-f10-lci,5' F10 LCI,5',OBSERVED_BUNDLE,,false,6,76,40,FITMENT_READY
bmw,Bmw,5-series-f11,5' F11,5',OBSERVED_BUNDLE,,false,6,79,286,FITMENT_READY
bmw,Bmw,5-series-f11-lci,5' F11 LCI,5',OBSERVED_BUNDLE,,false,6,76,43,FITMENT_READY
bmw,Bmw,5-series-f90-m5,5' F90 M5,5',OBSERVED_BUNDLE,,false,6,112,0,FITMENT_READY
bmw,Bmw,5-series-f90-m5-lci,5' F90 M5 LCI,5',OBSERVED_BUNDLE,,false,6,70,0,FITMENT_READY
bmw,Bmw,5-series-g30,5' G30,5',OBSERVED_BUNDLE,,false,6,106,0,FITMENT_READY
bmw,Bmw,5-series-g30-lci,5' G30 LCI,5',OBSERVED_BUNDLE,,false,6,101,0,FITMENT_READY
bmw,Bmw,5-series-g31-touring,5' G31 Touring,5',OBSERVED_BUNDLE,,false,6,92,0,FITMENT_READY
bmw,Bmw,5-series-g31-touring-lci,5' G31 Touring LCI,5',OBSERVED_BUNDLE,,false,6,74,0,FITMENT_READY
bmw,Bmw,5-series-g60-saloon,5' G60 Saloon,5',OBSERVED_BUNDLE,,false,6,68,0,FITMENT_READY
bmw,Bmw,5-series-g61-touring,5' G61 Touring,5',OBSERVED_BUNDLE,,false,6,88,0,FITMENT_READY
bmw,Bmw,5-series-g68-saloon,5' G68 Saloon,5',OBSERVED_BUNDLE,,false,6,112,0,FITMENT_READY
bmw,Bmw,5-series-g90-m5,5' G90 M5,5',OBSERVED_BUNDLE,,false,6,100,0,FITMENT_READY
bmw,Bmw,5-series-g99-m5-touring,5' G99 M5 Touring,5',OBSERVED_BUNDLE,,false,6,114,0,FITMENT_READY
bmw,Bmw,6-series-e24,6' E24,6',OBSERVED_BUNDLE,,false,6,116,0,FITMENT_READY
bmw,Bmw,6-series-e63,6' E63,6',OBSERVED_BUNDLE,,false,6,98,0,FITMENT_READY
bmw,Bmw,6-series-e63-lci,6' E63 LCI,6',OBSERVED_BUNDLE,,false,6,110,0,FITMENT_READY
bmw,Bmw,6-series-e64,6' E64,6',OBSERVED_BUNDLE,,false,6,110,0,FITMENT_READY
bmw,Bmw,6-series-e64-lci,6' E64 LCI,6',OBSERVED_BUNDLE,,false,6,108,0,FITMENT_READY
bmw,Bmw,6-series-f06-gran-coupe,6' F06 Gran Coupe,6',OBSERVED_BUNDLE,,false,6,97,0,FITMENT_READY
bmw,Bmw,6-series-f06-gran-coupe-lci,6' F06 Gran Coupe LCI,6',OBSERVED_BUNDLE,,false,6,111,0,FITMENT_READY
bmw,Bmw,6-series-f12,6' F12,6',OBSERVED_BUNDLE,,false,6,119,0,FITMENT_READY
bmw,Bmw,6-series-f12-lci,6' F12 LCI,6',OBSERVED_BUNDLE,,false,6,116,0,FITMENT_READY
bmw,Bmw,6-series-f13,6' F13,6',OBSERVED_BUNDLE,,false,6,120,0,FITMENT_READY
bmw,Bmw,6-series-f13-lci,6' F13 LCI,6',OBSERVED_BUNDLE,,false,6,117,0,FITMENT_READY
bmw,Bmw,6-series-g32-gt,6' G32 GT,6',OBSERVED_BUNDLE,,false,6,114,0,FITMENT_READY
bmw,Bmw,6-series-g32-gt-lci,6' G32 GT LCI,6',OBSERVED_BUNDLE,,false,6,111,0,FITMENT_READY
bmw,Bmw,7-series-e23,7' E23,7',OBSERVED_BUNDLE,,false,6,36,0,FITMENT_READY
bmw,Bmw,7-series-e32,7' E32,7',OBSERVED_BUNDLE,,false,6,92,0,FITMENT_READY
bmw,Bmw,7-series-e38,7' E38,7',OBSERVED_BUNDLE,,false,6,95,0,FITMENT_READY
bmw,Bmw,7-series-e65,7' E65,7',OBSERVED_BUNDLE,,false,6,109,0,FITMENT_READY
bmw,Bmw,7-series-e66,7' E66,7',OBSERVED_BUNDLE,,false,6,26,0,FITMENT_READY
bmw,Bmw,7-series-e67,7' E67,7',OBSERVED_BUNDLE,,false,6,97,0,FITMENT_READY
bmw,Bmw,7-series-f01,7' F01,7',OBSERVED_BUNDLE,,false,6,110,0,FITMENT_READY
bmw,Bmw,7-series-f01-lci,7' F01 LCI,7',OBSERVED_BUNDLE,,false,6,104,0,FITMENT_READY
bmw,Bmw,7-series-f02,7' F02,7',OBSERVED_BUNDLE,,false,6,103,0,FITMENT_READY
bmw,Bmw,7-series-f02-lci,7' F02 LCI,7',OBSERVED_BUNDLE,,false,6,114,0,FITMENT_READY
bmw,Bmw,7-series-f03,7' F03,7',OBSERVED_BUNDLE,,false,6,111,0,FITMENT_READY
bmw,Bmw,7-series-f03-lci,7' F03 LCI,7',OBSERVED_BUNDLE,,false,6,108,0,FITMENT_READY
bmw,Bmw,7-series-f04-hybrid,7' F04 Hybrid,7',OBSERVED_BUNDLE,,false,6,118,0,FITMENT_READY
bmw,Bmw,7-series-g11,7' G11,7',OBSERVED_BUNDLE,,false,6,98,0,FITMENT_READY
bmw,Bmw,7-series-g11-lci,7' G11 LCI,7',OBSERVED_BUNDLE,,false,6,110,0,FITMENT_READY
bmw,Bmw,7-series-g12,7' G12,7',OBSERVED_BUNDLE,,false,6,116,0,FITMENT_READY
bmw,Bmw,7-series-g12-lci,7' G12 LCI,7',OBSERVED_BUNDLE,,false,6,112,0,FITMENT_READY
bmw,Bmw,7-series-g70,7' G70,7',OBSERVED_BUNDLE,,false,6,107,0,FITMENT_READY
bmw,Bmw,7-series-g73,7' G73,7',OBSERVED_BUNDLE,,false,6,118,0,FITMENT_READY
bmw,Bmw,700,700,700,OBSERVED_BUNDLE,,false,6,0,0,FITMENT_READY
bmw,Bmw,8-series-e31,8' E31,8',OBSERVED_BUNDLE,,false,6,100,0,FITMENT_READY
bmw,Bmw,8-series-f91-m8-convertible,8' F91 M8 Convertible,8',OBSERVED_BUNDLE,,false,6,107,0,FITMENT_READY
bmw,Bmw,8-series-f92-m8-coupe,8' F92 M8 Coupe,8',OBSERVED_BUNDLE,,false,6,94,0,FITMENT_READY
bmw,Bmw,8-series-f93-m8-gran-coupe,8' F93 M8 Gran Coupe,8',OBSERVED_BUNDLE,,false,6,96,0,FITMENT_READY
bmw,Bmw,8-series-g14-convertible,8' G14 Convertible,8',OBSERVED_BUNDLE,,false,6,115,0,FITMENT_READY
bmw,Bmw,8-series-g15-coupe,8' G15 Coupe,8',OBSERVED_BUNDLE,,false,6,99,0,FITMENT_READY
bmw,Bmw,8-series-g16-gran-coupe,8' G16 Gran Coupe,8',OBSERVED_BUNDLE,,false,6,114,0,FITMENT_READY
bmw,Bmw,bmw-classic-motorsport,BMW Classic Motorsport,BMW Classic Motorsport,OBSERVED_BUNDLE,,false,6,125,0,FITMENT_READY
bmw,Bmw,i3-i01,i3 I01,i3,OBSERVED_BUNDLE,,false,6,113,0,FITMENT_READY
bmw,Bmw,i3-i01-lci,i3 I01 LCI,i3,OBSERVED_BUNDLE,,false,6,118,0,FITMENT_READY
bmw,Bmw,i3l-g28-bev-saloon,i3L G28 BEV Saloon,i3L,OBSERVED_BUNDLE,,false,6,112,0,FITMENT_READY
bmw,Bmw,i4-g26-gran-coupe,i4 G26 Gran Coupe,i4,OBSERVED_BUNDLE,,false,6,116,0,FITMENT_READY
bmw,Bmw,i4-g26-gran-coupe-lci,i4 G26 Gran Coupe LCI,i4,OBSERVED_BUNDLE,,false,6,119,0,FITMENT_READY
bmw,Bmw,i8-i12,i8 I12,i8,OBSERVED_BUNDLE,,false,6,112,0,FITMENT_READY
bmw,Bmw,i8-i12-lci,i8 I12 LCI,i8,OBSERVED_BUNDLE,,false,6,115,0,FITMENT_READY
bmw,Bmw,i8-i15,i8 I15,i8,OBSERVED_BUNDLE,,false,6,115,0,FITMENT_READY
bmw,Bmw,isetta,Isetta,Isetta,OBSERVED_BUNDLE,,false,6,54,0,FITMENT_READY
bmw,Bmw,ix-i20,iX I20,iX,OBSERVED_BUNDLE,,false,6,114,0,FITMENT_READY
bmw,Bmw,ix3-g08-bev,iX3 G08 BEV,iX3,OBSERVED_BUNDLE,,false,6,108,0,FITMENT_READY
bmw,Bmw,ix3-g08-bev-lci,iX3 G08 BEV LCI,iX3,OBSERVED_BUNDLE,,false,6,116,0,FITMENT_READY
bmw,Bmw,m1-e26,M1 E26,M1,OBSERVED_BUNDLE,,false,6,124,0,FITMENT_READY
bmw,Bmw,ms-bmw-motorsport,MS BMW Motorsport,MS BMW Motorsport,OBSERVED_BUNDLE,,false,6,122,0,FITMENT_READY
bmw,Bmw,v8,V8,V8,OBSERVED_BUNDLE,,false,5,22,0,FITMENT_READY
bmw,Bmw,veteranen,Veteranen,Veteranen,OBSERVED_BUNDLE,,false,4,9,0,FITMENT_READY
bmw,Bmw,x1-e84,X1 E84,X1,OBSERVED_BUNDLE,,false,6,120,0,FITMENT_READY
bmw,Bmw,x1-f48,X1 F48,X1,OBSERVED_BUNDLE,,false,6,102,0,FITMENT_READY
bmw,Bmw,x1-f48-lci,X1 F48 LCI,X1,OBSERVED_BUNDLE,,false,6,101,0,FITMENT_READY
bmw,Bmw,x1-u11,X1 U11,X1,OBSERVED_BUNDLE,,false,6,115,0,FITMENT_READY
bmw,Bmw,x1l-u12,X1L U12,X1L,OBSERVED_BUNDLE,,false,6,115,0,FITMENT_READY
bmw,Bmw,x2-f39,X2 F39,X2,OBSERVED_BUNDLE,,false,6,115,0,FITMENT_READY
bmw,Bmw,x2-u10,X2 U10,X2,OBSERVED_BUNDLE,,false,6,114,0,FITMENT_READY
bmw,Bmw,x3-e83,X3 E83,X3,OBSERVED_BUNDLE,,false,6,113,0,FITMENT_READY
bmw,Bmw,x3-e83-lci,X3 E83 LCI,X3,OBSERVED_BUNDLE,,false,6,116,0,FITMENT_READY
bmw,Bmw,x3-f25,X3 F25,X3,OBSERVED_BUNDLE,,false,6,115,0,FITMENT_READY
bmw,Bmw,x3-g01,X3 G01,X3,OBSERVED_BUNDLE,,false,6,114,0,FITMENT_READY
bmw,Bmw,x3-g01-lci,X3 G01 LCI,X3,OBSERVED_BUNDLE,,false,6,106,0,FITMENT_READY
bmw,Bmw,x3-g08-lci,X3 G08 LCI,X3,OBSERVED_BUNDLE,,false,6,113,0,FITMENT_READY
bmw,Bmw,x3-g45,X3 G45,X3,OBSERVED_BUNDLE,,false,6,117,0,FITMENT_READY
bmw,Bmw,x3-m-f97,X3 M F97,X3 M,OBSERVED_BUNDLE,,false,6,106,0,FITMENT_READY
bmw,Bmw,x3-m-f97-lci,X3 M F97 LCI,X3 M,OBSERVED_BUNDLE,,false,6,108,0,FITMENT_READY
bmw,Bmw,x3l-g48,X3L G48,X3L,OBSERVED_BUNDLE,,false,6,112,0,FITMENT_READY
bmw,Bmw,x4-f26,X4 F26,X4,OBSERVED_BUNDLE,,false,6,115,0,FITMENT_READY
bmw,Bmw,x4-g02,X4 G02,X4,OBSERVED_BUNDLE,,false,6,112,0,FITMENT_READY
bmw,Bmw,x4-g02-lci,X4 G02 LCI,X4,OBSERVED_BUNDLE,,false,6,113,0,FITMENT_READY
bmw,Bmw,x4-m-f98,X4 M F98,X4 M,OBSERVED_BUNDLE,,false,6,75,0,FITMENT_READY
bmw,Bmw,x4-m-f98-lci,X4 M F98 LCI,X4 M,OBSERVED_BUNDLE,,false,6,108,0,FITMENT_READY
bmw,Bmw,x5-e53,X5 E53,X5,OBSERVED_BUNDLE,,false,6,112,0,FITMENT_READY
bmw,Bmw,x5-e70,X5 E70,X5,OBSERVED_BUNDLE,,false,6,112,0,FITMENT_READY
bmw,Bmw,x5-e70-lci,X5 E70 LCI,X5,OBSERVED_BUNDLE,,false,6,117,0,FITMENT_READY
bmw,Bmw,x5-f15,X5 F15,X5,OBSERVED_BUNDLE,,false,6,111,0,FITMENT_READY
bmw,Bmw,x5-g05,X5 G05,X5,OBSERVED_BUNDLE,,false,6,111,0,FITMENT_READY
bmw,Bmw,x5-g05-lci,X5 G05 LCI,X5,OBSERVED_BUNDLE,,false,6,113,0,FITMENT_READY
bmw,Bmw,x5-m-f85,X5 M F85,X5 M,OBSERVED_BUNDLE,,false,6,99,0,FITMENT_READY
bmw,Bmw,x5-m-f95,X5 M F95,X5 M,OBSERVED_BUNDLE,,false,6,111,0,FITMENT_READY
bmw,Bmw,x5-m-f95-lci,X5 M F95 LCI,X5 M,OBSERVED_BUNDLE,,false,6,112,0,FITMENT_READY
bmw,Bmw,x5l-g18,X5L G18,X5L,OBSERVED_BUNDLE,,false,6,93,0,FITMENT_READY
bmw,Bmw,x5l-g18-lci,X5L G18 LCI,X5L,OBSERVED_BUNDLE,,false,6,109,0,FITMENT_READY
bmw,Bmw,x6-e71,X6 E71,X6,OBSERVED_BUNDLE,,false,6,120,0,FITMENT_READY
bmw,Bmw,x6-e72-hybrid,X6 E72 Hybrid,X6,OBSERVED_BUNDLE,,false,6,113,0,FITMENT_READY
bmw,Bmw,x6-f16,X6 F16,X6,OBSERVED_BUNDLE,,false,6,117,0,FITMENT_READY
bmw,Bmw,x6-g06,X6 G06,X6,OBSERVED_BUNDLE,,false,6,117,0,FITMENT_READY
bmw,Bmw,x6-g06-lci,X6 G06 LCI,X6,OBSERVED_BUNDLE,,false,6,111,0,FITMENT_READY
bmw,Bmw,x6-m-f86,X6 M F86,X6 M,OBSERVED_BUNDLE,,false,6,90,0,FITMENT_READY
bmw,Bmw,x6-m-f96,X6 M F96,X6 M,OBSERVED_BUNDLE,,false,6,111,0,FITMENT_READY
bmw,Bmw,x6-m-f96-lci,X6 M F96 LCI,X6 M,OBSERVED_BUNDLE,,false,6,112,0,FITMENT_READY
bmw,Bmw,x7-g07,X7 G07,X7,OBSERVED_BUNDLE,,false,6,117,0,FITMENT_READY
bmw,Bmw,x7-g07-lci,X7 G07 LCI,X7,OBSERVED_BUNDLE,,false,6,112,0,FITMENT_READY
bmw,Bmw,xm-g09,XM G09,XM,OBSERVED_BUNDLE,,false,6,114,0,FITMENT_READY
bmw,Bmw,z1-e30,Z1 E30,Z1,OBSERVED_BUNDLE,,false,6,122,0,FITMENT_READY
bmw,Bmw,z3-e36,Z3 E36,Z3,OBSERVED_BUNDLE,,false,6,115,0,FITMENT_READY
bmw,Bmw,z4-e85,Z4 E85,Z4,OBSERVED_BUNDLE,,false,6,96,0,FITMENT_READY
bmw,Bmw,z4-e86,Z4 E86,Z4,OBSERVED_BUNDLE,,false,6,107,0,FITMENT_READY
bmw,Bmw,z4-e89,Z4 E89,Z4,OBSERVED_BUNDLE,,false,6,112,0,FITMENT_READY
bmw,Bmw,z4-g29,Z4 G29,Z4,OBSERVED_BUNDLE,,false,6,114,0,FITMENT_READY
bmw,Bmw,z8-e52,Z8 E52,Z8,OBSERVED_BUNDLE,,false,6,110,0,FITMENT_READY
buick,Buick,enclave-1st-generation,Enclave 1st Generation,Enclave,OBSERVED_BUNDLE,,false,6,9,0,FITMENT_READY
buick,Buick,rainier-1st-generation,Rainier 1st Generation,Rainier,OBSERVED_BUNDLE,,false,6,22,0,FITMENT_READY
buick,Buick,rainier-1st-generation-facelift,Rainier 1st Generation Facelift,Rainier,OBSERVED_BUNDLE,,false,6,9,0,FITMENT_READY
buick,Buick,terraza,Terraza ,Terraza,OBSERVED_BUNDLE,,false,6,53,40,FITMENT_READY
cadillac,Cadillac,ats,ATS,ATS,OBSERVED_BUNDLE,,false,6,76,140,FITMENT_READY
cadillac,Cadillac,cts-1st-generation,CTS 1st Generation,CTS,OBSERVED_BUNDLE,,false,6,75,0,FITMENT_READY
cadillac,Cadillac,cts-2nd-generation,CTS 2nd Generation,CTS,OBSERVED_BUNDLE,,false,6,48,0,FITMENT_READY
cadillac,Cadillac,cts-3rd-generation,CTS 3rd Generation,CTS,OBSERVED_BUNDLE,,false,6,40,0,FITMENT_READY
cadillac,Cadillac,dts,DTS,DTS,OBSERVED_BUNDLE,,false,6,51,152,FITMENT_READY
cadillac,Cadillac,escalade-1st-generation,Escalade 1st Generation,Escalade,OBSERVED_BUNDLE,,false,6,54,185,FITMENT_READY
cadillac,Cadillac,escalade-2nd-generation,Escalade 2nd Generation,Escalade,OBSERVED_BUNDLE,,false,6,56,40,FITMENT_READY
cadillac,Cadillac,escalade-3rd-generation,Escalade 3rd Generation,Escalade,OBSERVED_BUNDLE,,false,6,81,120,FITMENT_READY
cadillac,Cadillac,escalade-4th-generation,Escalade 4th Generation,Escalade,OBSERVED_BUNDLE,,false,6,66,88,FITMENT_READY
cadillac,Cadillac,sls,SLS,SLS,OBSERVED_BUNDLE,,false,6,91,0,FITMENT_READY
cadillac,Cadillac,srx-1st-generation,SRX 1st Generation,SRX,OBSERVED_BUNDLE,,false,6,85,60,FITMENT_READY
cadillac,Cadillac,srx-2nd-generation,SRX 2nd Generation,SRX,OBSERVED_BUNDLE,,false,6,89,0,FITMENT_READY
cadillac,Cadillac,sts,STS,STS,OBSERVED_BUNDLE,,false,6,105,182,FITMENT_READY
cadillac,Cadillac,xlr,XLR,XLR,OBSERVED_BUNDLE,,false,6,67,0,FITMENT_READY
cadillac,Cadillac,xts,XTS,XTS,OBSERVED_BUNDLE,,false,6,68,220,FITMENT_READY
chevrolet,Chevrolet,astra-f,Astra F,Astra F,OBSERVED_BUNDLE,,false,6,64,0,FITMENT_READY
chevrolet,Chevrolet,astra-g,Astra G,Astra G,OBSERVED_BUNDLE,,false,6,87,0,FITMENT_READY
chevrolet,Chevrolet,avalanche-gmt805,Avalanche GMT805,Avalanche,OBSERVED_BUNDLE,,false,6,94,70,FITMENT_READY
chevrolet,Chevrolet,avalanche-gmt900,Avalanche GMT900,Avalanche,OBSERVED_BUNDLE,,false,6,71,40,FITMENT_READY
chevrolet,Chevrolet,aveo-t200,Aveo T200,Aveo,OBSERVED_BUNDLE,,false,6,96,40,FITMENT_READY
chevrolet,Chevrolet,aveo-t250,Aveo T250,Aveo,OBSERVED_BUNDLE,,false,6,72,179,FITMENT_READY
chevrolet,Chevrolet,aveo-t310,Aveo T310,Aveo,OBSERVED_BUNDLE,,false,6,93,0,FITMENT_READY
chevrolet,Chevrolet,beretta-1st-generation,Beretta 1st Generation,Beretta,OBSERVED_BUNDLE,,false,6,111,146,FITMENT_READY
chevrolet,Chevrolet,beretta-1st-generation-facelift,Beretta 1st Generation Facelift,Beretta,OBSERVED_BUNDLE,,false,6,103,282,FITMENT_READY
chevrolet,Chevrolet,blazer-1st-generation,Blazer 1st Generation,Blazer,OBSERVED_BUNDLE,,false,6,66,78,FITMENT_READY
chevrolet,Chevrolet,c-k-1500-2500-3500-3rd-generation,C/K 1500/2500/3500 3rd Generation,C/K 1500/2500/3500,OBSERVED_BUNDLE,,false,6,116,0,FITMENT_READY
chevrolet,Chevrolet,c-k-1500-2500-3500-4th-generation,C/K 1500/2500/3500 4th Generation,C/K 1500/2500/3500,OBSERVED_BUNDLE,,false,6,103,0,FITMENT_READY
chevrolet,Chevrolet,cadet,Cadet,Cadet,OBSERVED_BUNDLE,,false,6,69,255,FITMENT_READY
chevrolet,Chevrolet,camaro-2nd-generation,Camaro 2nd Generation,Camaro,OBSERVED_BUNDLE,,false,6,85,0,FITMENT_READY
chevrolet,Chevrolet,camaro-3rd-generation,Camaro 3rd Generation,Camaro,OBSERVED_BUNDLE,,false,6,79,394,FITMENT_READY
chevrolet,Chevrolet,camaro-4th-generation,Camaro 4th Generation,Camaro,OBSERVED_BUNDLE,,false,6,87,0,FITMENT_READY
chevrolet,Chevrolet,camaro-5th-generation,Camaro 5th Generation,Camaro,OBSERVED_BUNDLE,,false,6,105,60,FITMENT_READY
chevrolet,Chevrolet,camaro-6th-generation,Camaro 6th Generation,Camaro,OBSERVED_BUNDLE,,false,6,86,0,FITMENT_READY
chevrolet,Chevrolet,caprice-5th-generation,Caprice 5th Generation,Caprice,OBSERVED_BUNDLE,,false,6,120,0,FITMENT_READY
chevrolet,Chevrolet,caprice-6th-generation,Caprice 6th Generation,Caprice,OBSERVED_BUNDLE,,false,6,66,0,FITMENT_READY
chevrolet,Chevrolet,caprice-7th-generation,Caprice 7th Generation,Caprice,OBSERVED_BUNDLE,,false,6,116,0,FITMENT_READY
chevrolet,Chevrolet,caprice-7th-generation-facelift,Caprice 7th Generation Facelift,Caprice,OBSERVED_BUNDLE,,false,6,63,0,FITMENT_READY
chevrolet,Chevrolet,caprice-8th-generation,Caprice 8th Generation,Caprice,OBSERVED_BUNDLE,,false,6,55,0,FITMENT_READY
chevrolet,Chevrolet,captiva-c100,Captiva C100,Captiva,OBSERVED_BUNDLE,,false,6,100,0,FITMENT_READY
chevrolet,Chevrolet,captiva-cn202s,Captiva CN202S,Captiva,OBSERVED_BUNDLE,,false,6,100,0,FITMENT_READY
chevrolet,Chevrolet,cavalier-1st-generation,Cavalier 1st Generation,Cavalier,OBSERVED_BUNDLE,,false,6,96,0,FITMENT_READY
chevrolet,Chevrolet,cavalier-2nd-generation,Cavalier 2nd Generation,Cavalier,OBSERVED_BUNDLE,,false,6,67,0,FITMENT_READY
chevrolet,Chevrolet,cavalier-3rd-generation,Cavalier 3rd Generation,Cavalier,OBSERVED_BUNDLE,,false,6,63,0,FITMENT_READY
chevrolet,Chevrolet,celebrity,Celebrity,Celebrity,OBSERVED_BUNDLE,,false,6,74,0,FITMENT_READY
chevrolet,Chevrolet,celta,Celta,Celta,OBSERVED_BUNDLE,,false,6,109,0,FITMENT_READY
chevrolet,Chevrolet,chevette,Chevette,Chevette,OBSERVED_BUNDLE,,false,6,104,0,FITMENT_READY
chevrolet,Chevrolet,chevy,Chevy,Chevy,OBSERVED_BUNDLE,,false,6,111,0,FITMENT_READY
chevrolet,Chevrolet,cheyenne-3rd-generation,Cheyenne 3rd Generation,Cheyenne,OBSERVED_BUNDLE,,false,6,94,0,FITMENT_READY
chevrolet,Chevrolet,cheyenne-4th-generation,Cheyenne 4th Generation,Cheyenne,OBSERVED_BUNDLE,,false,6,100,0,FITMENT_READY
chevrolet,Chevrolet,cheyenne-5th-generation,Cheyenne 5th Generation,Cheyenne,OBSERVED_BUNDLE,,false,6,98,0,FITMENT_READY
chevrolet,Chevrolet,citation,Citation,Citation,OBSERVED_BUNDLE,,false,6,102,0,FITMENT_READY
chevrolet,Chevrolet,cobalt-1st-generation,Cobalt 1st Generation,Cobalt,OBSERVED_BUNDLE,,false,6,74,0,FITMENT_READY
chevrolet,Chevrolet,cobalt-2nd-generation,Cobalt 2nd Generation,Cobalt,OBSERVED_BUNDLE,,false,6,117,0,FITMENT_READY
chevrolet,Chevrolet,colorado-1st-generation,Colorado 1st Generation,Colorado,OBSERVED_BUNDLE,,false,6,108,0,FITMENT_READY
chevrolet,Chevrolet,corsa-plus-s93,Corsa Plus S93,Corsa Plus,OBSERVED_BUNDLE,,false,6,77,0,FITMENT_READY
chevrolet,Chevrolet,corsa-s93,Corsa S93,Corsa,OBSERVED_BUNDLE,,false,6,76,0,FITMENT_READY
chevrolet,Chevrolet,corsa-x01,Corsa X01,Corsa,OBSERVED_BUNDLE,,false,6,104,0,FITMENT_READY
chevrolet,Chevrolet,corsica-1st-generation,Corsica 1st Generation,Corsica,OBSERVED_BUNDLE,,false,6,106,0,FITMENT_READY
chevrolet,Chevrolet,corsica-1st-generation-facelift,Corsica 1st Generation Facelift,Corsica,OBSERVED_BUNDLE,,false,6,92,0,FITMENT_READY
chevrolet,Chevrolet,corvette-c1-c2-c3,Corvette C1/C2/C3,Corvette,OBSERVED_BUNDLE,,false,6,82,0,FITMENT_READY
chevrolet,Chevrolet,corvette-c4,Corvette C4,Corvette,OBSERVED_BUNDLE,,false,6,106,0,FITMENT_READY
chevrolet,Chevrolet,corvette-c5,Corvette C5,Corvette,OBSERVED_BUNDLE,,false,6,96,0,FITMENT_READY
chevrolet,Chevrolet,corvette-c6,Corvette C6,Corvette,OBSERVED_BUNDLE,,false,6,97,0,FITMENT_READY
chevrolet,Chevrolet,cruze-j300,Cruze J300,Cruze,OBSERVED_BUNDLE,,false,6,104,0,FITMENT_READY
chevrolet,Chevrolet,cruze-j400,Cruze J400,Cruze,OBSERVED_BUNDLE,,false,6,95,0,FITMENT_READY
chevrolet,Chevrolet,damas-b150-b175,Damas B150/B175,Damas,OBSERVED_BUNDLE,,false,6,123,0,FITMENT_READY
chevrolet,Chevrolet,el-camino-5th-generation,El Camino 5th Generation,El Camino,OBSERVED_BUNDLE,,false,6,105,0,FITMENT_READY
chevrolet,Chevrolet,el-camino-6th-generation,El Camino 6th Generation,El Camino,OBSERVED_BUNDLE,,false,6,76,0,FITMENT_READY
chevrolet,Chevrolet,epica-v200,Epica V200,Epica,OBSERVED_BUNDLE,,false,6,63,0,FITMENT_READY
chevrolet,Chevrolet,epica-v250,Epica V250,Epica,OBSERVED_BUNDLE,,false,6,103,0,FITMENT_READY
chevrolet,Chevrolet,equinox-1st-generation,Equinox 1st Generation,Equinox,OBSERVED_BUNDLE,,false,6,101,0,FITMENT_READY
chevrolet,Chevrolet,equinox-2nd-generation,Equinox 2nd Generation,Equinox,OBSERVED_BUNDLE,,false,6,93,0,FITMENT_READY
chevrolet,Chevrolet,equinox-3rd-generation,Equinox 3rd Generation,Equinox,OBSERVED_BUNDLE,,false,6,119,0,FITMENT_READY
chevrolet,Chevrolet,groove,Groove,Groove,OBSERVED_BUNDLE,,false,6,105,0,FITMENT_READY
chevrolet,Chevrolet,hearse-limousine,Hearse/Limousine,Hearse/Limousine,OBSERVED_BUNDLE,,false,6,109,0,FITMENT_READY
chevrolet,Chevrolet,hhr,HHR,HHR,OBSERVED_BUNDLE,,false,6,100,0,FITMENT_READY
chevrolet,Chevrolet,impala-10th-generation,Impala 10th Generation,Impala,OBSERVED_BUNDLE,,false,6,106,0,FITMENT_READY
chevrolet,Chevrolet,impala-11th-generation,Impala 11th Generation,Impala,OBSERVED_BUNDLE,,false,6,81,0,FITMENT_READY
chevrolet,Chevrolet,impala-12th-generation,Impala 12th Generation,Impala,OBSERVED_BUNDLE,,false,6,107,0,FITMENT_READY
chevrolet,Chevrolet,impala-8th-generation,Impala 8th Generation,Impala,OBSERVED_BUNDLE,,false,6,81,0,FITMENT_READY
chevrolet,Chevrolet,impala-9th-generation,Impala 9th Generation,Impala,OBSERVED_BUNDLE,,false,6,110,0,FITMENT_READY
chevrolet,Chevrolet,k5-blazer-2nd-generation,K5 Blazer 2nd Generation,K5 Blazer,OBSERVED_BUNDLE,,false,6,103,0,FITMENT_READY
chevrolet,Chevrolet,k5-blazer-3rd-generation,K5 Blazer 3rd Generation,K5 Blazer,OBSERVED_BUNDLE,,false,6,105,0,FITMENT_READY
chevrolet,Chevrolet,kadett,Kadett,Kadett,OBSERVED_BUNDLE,,false,6,110,0,FITMENT_READY
chevrolet,Chevrolet,kalos,Kalos,Kalos,OBSERVED_BUNDLE,,false,6,127,0,FITMENT_READY
chevrolet,Chevrolet,lacetti-j200,Lacetti J200,Lacetti,OBSERVED_BUNDLE,,false,6,98,0,FITMENT_READY
chevrolet,Chevrolet,lanos-t100,Lanos T100,Lanos,OBSERVED_BUNDLE,,false,6,111,0,FITMENT_READY
chevrolet,Chevrolet,lanos-t150,Lanos T150,Lanos,OBSERVED_BUNDLE,,false,6,126,0,FITMENT_READY
chevrolet,Chevrolet,lumina-1st-generation,Lumina 1st Generation,Lumina,OBSERVED_BUNDLE,,false,6,99,0,FITMENT_READY
chevrolet,Chevrolet,lumina-2nd-generation,Lumina 2nd Generation,Lumina,OBSERVED_BUNDLE,,false,6,124,0,FITMENT_READY
chevrolet,Chevrolet,lumina-3rd-generation,Lumina 3rd Generation,Lumina,OBSERVED_BUNDLE,,false,6,129,0,FITMENT_READY
chevrolet,Chevrolet,malibu-1st-generation,Malibu 1st Generation,Malibu,OBSERVED_BUNDLE,,false,6,122,0,FITMENT_READY
chevrolet,Chevrolet,malibu-2nd-generation,Malibu 2nd Generation,Malibu,OBSERVED_BUNDLE,,false,6,70,0,FITMENT_READY
chevrolet,Chevrolet,malibu-3rd-generation,Malibu 3rd Generation,Malibu,OBSERVED_BUNDLE,,false,6,103,0,FITMENT_READY
chevrolet,Chevrolet,malibu-4th-generation,Malibu 4th Generation,Malibu,OBSERVED_BUNDLE,,false,6,119,0,FITMENT_READY
chevrolet,Chevrolet,malibu-v300,Malibu V300,Malibu,OBSERVED_BUNDLE,,false,6,121,0,FITMENT_READY
chevrolet,Chevrolet,malibu-v400,Malibu V400,Malibu,OBSERVED_BUNDLE,,false,6,102,0,FITMENT_READY
chevrolet,Chevrolet,meriva,Meriva,Meriva,OBSERVED_BUNDLE,,false,6,115,0,FITMENT_READY
chevrolet,Chevrolet,montana-1st-generation-gmt200,Montana 1st Generation (GMT200),Montana,OBSERVED_BUNDLE,,false,6,118,0,FITMENT_READY
chevrolet,Chevrolet,montana-2nd-generation,Montana 2nd Generation,Montana,OBSERVED_BUNDLE,,false,6,94,0,FITMENT_READY
chevrolet,Chevrolet,monte-carlo-3rd-generation,Monte Carlo 3rd Generation,Monte Carlo,OBSERVED_BUNDLE,,false,6,73,0,FITMENT_READY
chevrolet,Chevrolet,monte-carlo-4th-generation,Monte Carlo 4th Generation,Monte Carlo,OBSERVED_BUNDLE,,false,6,107,0,FITMENT_READY
chevrolet,Chevrolet,monte-carlo-5th-generation,Monte Carlo 5th Generation,Monte Carlo,OBSERVED_BUNDLE,,false,6,81,0,FITMENT_READY
chevrolet,Chevrolet,monte-carlo-6th-generation,Monte Carlo 6th Generation,Monte Carlo,OBSERVED_BUNDLE,,false,6,49,0,FITMENT_READY
chevrolet,Chevrolet,monza-1st-generation,Monza 1st Generation,Monza,OBSERVED_BUNDLE,,false,6,107,0,FITMENT_READY
chevrolet,Chevrolet,n200,N200,N200,OBSERVED_BUNDLE,,false,6,47,0,FITMENT_READY
chevrolet,Chevrolet,nova-4th-generation,Nova 4th Generation,Nova,OBSERVED_BUNDLE,,false,6,109,0,FITMENT_READY
chevrolet,Chevrolet,nova-5th-generation,Nova 5th Generation,Nova,OBSERVED_BUNDLE,,false,6,78,0,FITMENT_READY
chevrolet,Chevrolet,nubira-j100,Nubira J100,Nubira,OBSERVED_BUNDLE,,false,6,66,0,FITMENT_READY
chevrolet,Chevrolet,nubira-j150,Nubira J150,Nubira,OBSERVED_BUNDLE,,false,6,123,0,FITMENT_READY
chevrolet,Chevrolet,optra-1st-generation,Optra 1st Generation,Optra,OBSERVED_BUNDLE,,false,6,121,0,FITMENT_READY
chevrolet,Chevrolet,optra-2nd-generation,Optra 2nd Generation,Optra,OBSERVED_BUNDLE,,false,6,105,0,FITMENT_READY
chevrolet,Chevrolet,orlando-j309-1st-generation,Orlando J309 1st Generation,Orlando,OBSERVED_BUNDLE,,false,6,114,0,FITMENT_READY
chevrolet,Chevrolet,prisma,Prisma,Prisma,OBSERVED_BUNDLE,,false,6,113,0,FITMENT_READY
chevrolet,Chevrolet,rezzo-u100,Rezzo U100,Rezzo,OBSERVED_BUNDLE,,false,6,123,0,FITMENT_READY
chevrolet,Chevrolet,s-blazer-1st-generation,S-Blazer 1st Generation,S-Blazer,OBSERVED_BUNDLE,,false,6,110,0,FITMENT_READY
chevrolet,Chevrolet,s-blazer-1st-generation-facelift,S-Blazer 1st Generation Facelift,S-Blazer,OBSERVED_BUNDLE,,false,6,85,0,FITMENT_READY
chevrolet,Chevrolet,s10-pickup-1st-generation,S10 Pickup 1st Generation,S10 Pickup,OBSERVED_BUNDLE,,false,6,92,0,FITMENT_READY
chevrolet,Chevrolet,s10-pickup-2nd-generation,S10 Pickup 2nd Generation,S10 Pickup,OBSERVED_BUNDLE,,false,6,117,0,FITMENT_READY
chevrolet,Chevrolet,sail-2nd-generation,Sail 2nd Generation,Sail,OBSERVED_BUNDLE,,false,6,78,0,FITMENT_READY
chevrolet,Chevrolet,sail-3rd-generation,Sail 3rd Generation,Sail,OBSERVED_BUNDLE,,false,6,42,0,FITMENT_READY
chevrolet,Chevrolet,silverado-gmt-k2xx,Silverado GMT K2XX,Silverado GMT,OBSERVED_BUNDLE,,false,6,100,0,FITMENT_READY
chevrolet,Chevrolet,silverado-gmt800,Silverado GMT800,Silverado,OBSERVED_BUNDLE,,false,6,96,0,FITMENT_READY
chevrolet,Chevrolet,silverado-gmt900,Silverado GMT900,Silverado,OBSERVED_BUNDLE,,false,6,80,0,FITMENT_READY
chevrolet,Chevrolet,sonic-t300,Sonic T300,Sonic,OBSERVED_BUNDLE,,false,6,108,0,FITMENT_READY
chevrolet,Chevrolet,spark-m100,Spark M100,Spark,OBSERVED_BUNDLE,,false,6,102,0,FITMENT_READY
chevrolet,Chevrolet,spark-m200,Spark M200,Spark,OBSERVED_BUNDLE,,false,6,110,0,FITMENT_READY
chevrolet,Chevrolet,spark-m300,Spark M300,Spark,OBSERVED_BUNDLE,,false,6,113,0,FITMENT_READY
chevrolet,Chevrolet,spark-m400,Spark M400,Spark,OBSERVED_BUNDLE,,false,6,102,0,FITMENT_READY
chevrolet,Chevrolet,sprint,Sprint,Sprint,OBSERVED_BUNDLE,,false,6,99,0,FITMENT_READY
chevrolet,Chevrolet,ssr,SSR,SSR,OBSERVED_BUNDLE,,false,6,112,0,FITMENT_READY
chevrolet,Chevrolet,suburban-7th-generation,Suburban 7th Generation,Suburban,OBSERVED_BUNDLE,,false,6,102,0,FITMENT_READY
chevrolet,Chevrolet,suburban-gmt800,Suburban GMT800,Suburban,OBSERVED_BUNDLE,,false,6,103,0,FITMENT_READY
chevrolet,Chevrolet,suburban-gmt900,Suburban GMT900,Suburban,OBSERVED_BUNDLE,,false,6,104,0,FITMENT_READY
chevrolet,Chevrolet,suburban-gmtk2yc-g,Suburban GMTK2YC/G,Suburban,OBSERVED_BUNDLE,,false,6,111,0,FITMENT_READY
chevrolet,Chevrolet,tahoe-1st-generation,Tahoe 1st Generation,Tahoe,OBSERVED_BUNDLE,,false,6,85,0,FITMENT_READY
chevrolet,Chevrolet,tahoe-2nd-generation,Tahoe 2nd Generation,Tahoe,OBSERVED_BUNDLE,,false,6,88,0,FITMENT_READY
chevrolet,Chevrolet,tahoe-3rd-generation,Tahoe 3rd Generation,Tahoe,OBSERVED_BUNDLE,,false,6,102,0,FITMENT_READY
chevrolet,Chevrolet,tahoe-4th-generation,Tahoe 4th Generation,Tahoe,OBSERVED_BUNDLE,,false,6,108,0,FITMENT_READY
chevrolet,Chevrolet,tigra,Tigra,Tigra,OBSERVED_BUNDLE,,false,6,26,0,FITMENT_READY
chevrolet,Chevrolet,tracker-2nd-generation,Tracker 2nd Generation,Tracker,OBSERVED_BUNDLE,,false,6,55,0,FITMENT_READY
chevrolet,Chevrolet,tracker-3rd-generation,Tracker 3rd Generation,Tracker,OBSERVED_BUNDLE,,false,6,116,0,FITMENT_READY
chevrolet,Chevrolet,trailblazer-gmt31xx,TrailBlazer GMT31XX,TrailBlazer,OBSERVED_BUNDLE,,false,6,120,0,FITMENT_READY
chevrolet,Chevrolet,trailblazer-gmt360,TrailBlazer GMT360,TrailBlazer,OBSERVED_BUNDLE,,false,6,114,0,FITMENT_READY
chevrolet,Chevrolet,traverse-1st-generation,Traverse 1st Generation,Traverse,OBSERVED_BUNDLE,,false,6,110,0,FITMENT_READY
chevrolet,Chevrolet,traverse-2nd-generation,Traverse 2nd Generation,Traverse,OBSERVED_BUNDLE,,false,6,106,0,FITMENT_READY
chevrolet,Chevrolet,trax-1st-generation,Trax 1st Generation,Trax,OBSERVED_BUNDLE,,false,6,115,0,FITMENT_READY
chevrolet,Chevrolet,trax-1st-generation-facelift,Trax 1st Generation Facelift,Trax,OBSERVED_BUNDLE,,false,6,113,0,FITMENT_READY
chevrolet,Chevrolet,trax-2nd-generation,Trax 2nd Generation,Trax,OBSERVED_BUNDLE,,false,6,119,0,FITMENT_READY
chevrolet,Chevrolet,uplander,Uplander,Uplander,OBSERVED_BUNDLE,,false,6,110,0,FITMENT_READY
chevrolet,Chevrolet,vectra-a,Vectra A,Vectra A,OBSERVED_BUNDLE,,false,6,87,0,FITMENT_READY
chevrolet,Chevrolet,vectra-b,Vectra B,Vectra B,OBSERVED_BUNDLE,,false,6,107,0,FITMENT_READY
chevrolet,Chevrolet,vectra-c,Vectra C,Vectra C,OBSERVED_BUNDLE,,false,6,107,0,FITMENT_READY
chevrolet,Chevrolet,vega-1st-generation-2nd-facelift,Vega 1st Generation 2nd Facelift,Vega,OBSERVED_BUNDLE,,false,6,121,0,FITMENT_READY
chevrolet,Chevrolet,venture-gmt200,Venture GMT200,Venture,OBSERVED_BUNDLE,,false,6,100,0,FITMENT_READY
chevrolet,Chevrolet,vivant-u100,Vivant U100,Vivant,OBSERVED_BUNDLE,,false,6,114,0,FITMENT_READY
chevrolet,Chevrolet,zafira-a-b,Zafira A/B ,Zafira,OBSERVED_BUNDLE,,false,6,115,0,FITMENT_READY
chrysler,Chrysler,200-1st-generation,200 1st Generation,200,OBSERVED_BUNDLE,,false,6,107,0,FITMENT_READY
chrysler,Chrysler,200-2nd-generation,200 2nd Generation,200,OBSERVED_BUNDLE,,false,6,109,0,FITMENT_READY
chrysler,Chrysler,300c,300C,300C,OBSERVED_BUNDLE,,false,6,97,0,FITMENT_READY
chrysler,Chrysler,300m,300M,300M,OBSERVED_BUNDLE,,false,6,89,60,FITMENT_READY
chrysler,Chrysler,aspen,Aspen,Aspen,OBSERVED_BUNDLE,,false,6,71,51,FITMENT_READY
chrysler,Chrysler,cirrus-jx,Cirrus JX,Cirrus JX,OBSERVED_BUNDLE,,false,6,121,0,FITMENT_READY
chrysler,Chrysler,cirrus-jx-facelift,Cirrus JX Facelift,Cirrus JX,OBSERVED_BUNDLE,,false,6,114,0,FITMENT_READY
chrysler,Chrysler,concorde-1st-generation,Concorde 1st Generation,Concorde,OBSERVED_BUNDLE,,false,6,95,0,FITMENT_READY
chrysler,Chrysler,concorde-2nd-generation,Concorde 2nd Generation,Concorde,OBSERVED_BUNDLE,,false,6,105,80,FITMENT_READY
chrysler,Chrysler,crossfire,Crossfire,Crossfire,OBSERVED_BUNDLE,,false,6,101,20,FITMENT_READY
chrysler,Chrysler,lhs-1st-generation,LHS 1st Generation,LHS,OBSERVED_BUNDLE,,false,6,9,0,FITMENT_READY
chrysler,Chrysler,new-yorker-14th-generation,New Yorker 14th Generation,New Yorker,OBSERVED_BUNDLE,,false,6,99,0,FITMENT_READY
chrysler,Chrysler,pacifica-cs,Pacifica CS,Pacifica CS,OBSERVED_BUNDLE,,false,6,48,20,FITMENT_READY
chrysler,Chrysler,pacifica-ru,Pacifica RU,Pacifica RU,OBSERVED_BUNDLE,,false,6,99,71,FITMENT_READY
chrysler,Chrysler,premier,Premier,Premier,OBSERVED_BUNDLE,,false,6,85,20,FITMENT_READY
chrysler,Chrysler,prowler,Prowler,Prowler,OBSERVED_BUNDLE,,false,6,85,160,FITMENT_READY
chrysler,Chrysler,pt-cruiser,PT Cruiser,PT Cruiser,OBSERVED_BUNDLE,,false,6,93,140,FITMENT_READY
chrysler,Chrysler,r-t-convertible-j4,R/T Convertible J4,R/T Convertible,OBSERVED_BUNDLE,,false,6,61,0,FITMENT_READY
chrysler,Chrysler,sebring-fj-jx,Sebring FJ/JX,Sebring,OBSERVED_BUNDLE,,false,6,64,15,FITMENT_READY
chrysler,Chrysler,sebring-js,Sebring JS,Sebring JS,OBSERVED_BUNDLE,,false,6,121,0,FITMENT_READY
chrysler,Chrysler,sebring-st-22-jr,Sebring ST-22/JR,Sebring ST-22/JR,OBSERVED_BUNDLE,,false,6,110,0,FITMENT_READY
chrysler,Chrysler,town-country-ns,Town & Country NS,Town & Country NS,OBSERVED_BUNDLE,,false,6,99,0,FITMENT_READY
chrysler,Chrysler,town-country-rs,Town & Country RS,Town & Country RS,OBSERVED_BUNDLE,,false,6,70,0,FITMENT_READY
chrysler,Chrysler,town-country-rt,Town & Country RT,Town & Country RT,OBSERVED_BUNDLE,,false,6,73,20,FITMENT_READY
chrysler,Chrysler,voyager-gh-gs-ns,Voyager GH/GS/NS,Voyager,OBSERVED_BUNDLE,,false,6,117,0,FITMENT_READY
chrysler,Chrysler,voyager-gk-gy-rg,Voyager GK/GY/RG,Voyager,OBSERVED_BUNDLE,,false,6,2,0,FITMENT_READY
chrysler,Chrysler,voyager-ru,Voyager RU,Voyager RU,OBSERVED_BUNDLE,,false,6,109,0,FITMENT_READY
citroen,Citroen,ax,AX,AX,OBSERVED_BUNDLE,,false,6,3,8,FITMENT_READY
citroen,Citroen,bx,BX,BX,OBSERVED_BUNDLE,,false,6,7,0,FITMENT_READY
citroen,Citroen,c-crosser,C-Crosser,C-Crosser,OBSERVED_BUNDLE,,false,6,5,0,FITMENT_READY
citroen,Citroen,c-elysee,C-Elysee,C-Elysee,OBSERVED_BUNDLE,,false,6,6,0,FITMENT_READY
citroen,Citroen,c-zero,C-Zero,C-Zero,OBSERVED_BUNDLE,,false,6,7,0,FITMENT_READY
citroen,Citroen,c1-pm-pn,C1 PM/PN,C1,OBSERVED_BUNDLE,,false,6,20,0,FITMENT_READY
citroen,Citroen,c2,C2,C2,OBSERVED_BUNDLE,,false,6,16,20,FITMENT_READY
citroen,Citroen,c25,C25,C25,OBSERVED_BUNDLE,,false,6,8,40,FITMENT_READY
citroen,Citroen,c3-cs-a51,C3 CS/A51,C3,OBSERVED_BUNDLE,,false,6,15,20,FITMENT_READY
citroen,Citroen,c3-fc-fn,C3 FC/FN,C3,OBSERVED_BUNDLE,,false,6,13,0,FITMENT_READY
citroen,Citroen,c3-picasso,C3 Picasso,C3 Picasso,OBSERVED_BUNDLE,,false,6,4,0,FITMENT_READY
citroen,Citroen,c3-pluriel-fc-fn,C3 Pluriel FC/FN,C3 Pluriel,OBSERVED_BUNDLE,,false,6,6,20,FITMENT_READY
citroen,Citroen,c4-aircross,C4 Aircross,C4 Aircross,OBSERVED_BUNDLE,,false,6,9,0,FITMENT_READY
citroen,Citroen,c4-c-quatre-typ-l,C4 C-Quatre Typ L,C4 C-Quatre Typ L,OBSERVED_BUNDLE,,false,6,17,0,FITMENT_READY
citroen,Citroen,c4-picasso-1st-generation,C4 Picasso 1st Generation,C4 Picasso,OBSERVED_BUNDLE,,false,6,8,79,FITMENT_READY
citroen,Citroen,c4-picasso-2nd-generation,C4 Picasso 2nd Generation,C4 Picasso,OBSERVED_BUNDLE,,false,6,17,60,FITMENT_READY
citroen,Citroen,c4-typ-b7,C4 Typ B7,C4 Typ,OBSERVED_BUNDLE,,false,6,18,0,FITMENT_READY
citroen,Citroen,c4-typ-l-b5,C4 Typ L/B5,C4 Typ,OBSERVED_BUNDLE,,false,6,20,0,FITMENT_READY
citroen,Citroen,c5-dc-de,C5 DC/DE,C5,OBSERVED_BUNDLE,,false,6,25,60,FITMENT_READY
citroen,Citroen,c5-rd-td,C5 RD/TD,C5,OBSERVED_BUNDLE,,false,6,14,100,FITMENT_READY
citroen,Citroen,c5-rd-td-facelift,C5 RD/TD Facelift,C5,OBSERVED_BUNDLE,,false,6,29,0,FITMENT_READY
citroen,Citroen,c5-x7,C5 X7,C5,OBSERVED_BUNDLE,,false,6,9,0,FITMENT_READY
citroen,Citroen,c6,C6,C6,OBSERVED_BUNDLE,,false,6,10,0,FITMENT_READY
citroen,Citroen,c8-2nd-generation,C8 2nd Generation,C8,OBSERVED_BUNDLE,,false,6,20,0,FITMENT_READY
citroen,Citroen,ds3,DS3,DS3,OBSERVED_BUNDLE,,false,6,36,160,FITMENT_READY
citroen,Citroen,ds5,DS5,DS5,OBSERVED_BUNDLE,,false,6,36,0,FITMENT_READY
citroen,Citroen,evasion-1st-generation,Evasion 1st Generation,Evasion,OBSERVED_BUNDLE,,false,6,48,60,FITMENT_READY
citroen,Citroen,saxo,Saxo,Saxo,OBSERVED_BUNDLE,,false,6,24,40,FITMENT_READY
citroen,Citroen,xantia,Xantia,Xantia,OBSERVED_BUNDLE,,false,6,48,28,FITMENT_READY
citroen,Citroen,xantia-facelift,Xantia Facelift,Xantia,OBSERVED_BUNDLE,,false,6,74,60,FITMENT_READY
citroen,Citroen,xm,XM,XM,OBSERVED_BUNDLE,,false,6,51,0,FITMENT_READY
citroen,Citroen,xm-facelift,XM Facelift,XM,OBSERVED_BUNDLE,,false,6,42,191,FITMENT_READY
citroen,Citroen,xsara,Xsara,Xsara,OBSERVED_BUNDLE,,false,6,47,83,FITMENT_READY
citroen,Citroen,xsara-facelift,Xsara Facelift,Xsara,OBSERVED_BUNDLE,,false,6,28,0,FITMENT_READY
citroen,Citroen,xsara-picasso,Xsara Picasso,Xsara Picasso,OBSERVED_BUNDLE,,false,6,46,0,FITMENT_READY
citroen,Citroen,zx,ZX,ZX,OBSERVED_BUNDLE,,false,6,52,130,FITMENT_READY
daewoo,Daewoo,leganza,Leganza,Leganza,OBSERVED_BUNDLE,,false,6,106,0,FITMENT_READY
datsun,Datsun,cross,Cross,Cross,OBSERVED_BUNDLE,,false,6,116,0,FITMENT_READY
datsun,Datsun,go,GO,GO,OBSERVED_BUNDLE,,false,6,42,0,FITMENT_READY
datsun,Datsun,mi-do-bd0,mi-DO BD0,mi-DO,OBSERVED_BUNDLE,,false,6,100,0,FITMENT_READY
datsun,Datsun,on-do-bd0,on-DO BD0,on-DO,OBSERVED_BUNDLE,,false,6,77,332,FITMENT_READY
datsun,Datsun,redi-go-cd0,redi-GO CD0,redi-GO,OBSERVED_BUNDLE,,false,6,76,0,FITMENT_READY
dodge,Dodge,avenger-coupe,Avenger Coupe ,Avenger Coupe,OBSERVED_BUNDLE,,false,6,127,0,FITMENT_READY
dodge,Dodge,avenger-sedan,Avenger Sedan ,Avenger Sedan,OBSERVED_BUNDLE,,false,6,111,0,FITMENT_READY
dodge,Dodge,caliber,Caliber,Caliber,OBSERVED_BUNDLE,,false,6,118,0,FITMENT_READY
dodge,Dodge,caravan-ns,Caravan NS,Caravan NS,OBSERVED_BUNDLE,,false,6,118,0,FITMENT_READY
dodge,Dodge,caravan-r2,Caravan R2,Caravan,OBSERVED_BUNDLE,,false,6,110,0,FITMENT_READY
dodge,Dodge,caravan-rt,Caravan RT,Caravan RT,OBSERVED_BUNDLE,,false,6,15,15,FITMENT_READY
dodge,Dodge,challenger,Challenger,Challenger,OBSERVED_BUNDLE,,false,6,111,0,FITMENT_READY
dodge,Dodge,challenger-facelift,Challenger Facelift,Challenger,OBSERVED_BUNDLE,,false,6,122,0,FITMENT_READY
dodge,Dodge,charger-lb,Charger LB,Charger LB,OBSERVED_BUNDLE,,false,6,117,0,FITMENT_READY
dodge,Dodge,charger-ld,Charger LD,Charger LD,OBSERVED_BUNDLE,,false,6,123,0,FITMENT_READY
dodge,Dodge,dakota-2nd-generation,Dakota 2nd generation,Dakota,OBSERVED_BUNDLE,,false,6,114,0,FITMENT_READY
dodge,Dodge,dakota-3rd-generation,Dakota 3rd Generation,Dakota,OBSERVED_BUNDLE,,false,6,86,0,FITMENT_READY
dodge,Dodge,dart,Dart,Dart,OBSERVED_BUNDLE,,false,6,41,92,FITMENT_READY
dodge,Dodge,durango-dn,Durango DN,Durango DN,OBSERVED_BUNDLE,,false,6,123,0,FITMENT_READY
dodge,Dodge,durango-hb,Durango HB,Durango HB,OBSERVED_BUNDLE,,false,6,79,0,FITMENT_READY
dodge,Dodge,durango-wd,Durango WD,Durango WD,OBSERVED_BUNDLE,,false,6,118,0,FITMENT_READY
dodge,Dodge,import-i,Import I,Import,OBSERVED_BUNDLE,,false,6,77,0,FITMENT_READY
dodge,Dodge,intrepid-1st-generation,Intrepid 1st Generation,Intrepid,OBSERVED_BUNDLE,,false,6,16,79,FITMENT_READY
dodge,Dodge,intrepid-2nd-generation,Intrepid 2nd Generation,Intrepid,OBSERVED_BUNDLE,,false,6,108,60,FITMENT_READY
dodge,Dodge,journey-jc49,Journey JC49,Journey,OBSERVED_BUNDLE,,false,6,94,0,FITMENT_READY
dodge,Dodge,mmc-raider-pickup,MMC Raider Pickup,MMC Raider Pickup,OBSERVED_BUNDLE,,false,6,115,0,FITMENT_READY
dodge,Dodge,monaco-5th-generation,Monaco 5th Generation ,Monaco,OBSERVED_BUNDLE,,false,6,72,74,FITMENT_READY
dodge,Dodge,neon-1st-generation,Neon 1st Generation,Neon,OBSERVED_BUNDLE,,false,6,111,0,FITMENT_READY
dodge,Dodge,neon-2nd-generation,Neon 2nd Generation,Neon,OBSERVED_BUNDLE,,false,6,53,0,FITMENT_READY
dodge,Dodge,neon-3rd-generation,Neon 3rd Generation,Neon,OBSERVED_BUNDLE,,false,6,125,0,FITMENT_READY
dodge,Dodge,nitro,Nitro,Nitro,OBSERVED_BUNDLE,,false,6,100,0,FITMENT_READY
dodge,Dodge,passenger-1st-generation,Passenger 1st Generation,Passenger,OBSERVED_BUNDLE,,false,6,87,0,FITMENT_READY
dodge,Dodge,quad-club-cab-bx,Quad & Club Cab BX,Quad & Club Cab BX,OBSERVED_BUNDLE,,false,6,109,0,FITMENT_READY
dodge,Dodge,quad-club-cab-pick-up-be,Quad & Club Cab Pick-up BE,Quad & Club Cab Pick-up BE,OBSERVED_BUNDLE,,false,6,117,0,FITMENT_READY
dodge,Dodge,ram-1500-pickup-dr,RAM 1500 Pickup DR,RAM 1500 Pickup DR,OBSERVED_BUNDLE,,false,6,95,0,FITMENT_READY
dodge,Dodge,ram-2500-pickup-dh,RAM 2500 Pickup DH,RAM 2500 Pickup DH,OBSERVED_BUNDLE,,false,6,104,0,FITMENT_READY
dodge,Dodge,ram-3500-cab-chassis-dr-dh-d1-dc-dm,RAM 3500 Cab Chassis DR/DH/D1/DC/DM,RAM 3500 Cab Chassis,OBSERVED_BUNDLE,,false,6,64,0,FITMENT_READY
dodge,Dodge,ram-3500-pickup-dr-dh-d1-dc-dm,RAM 3500 Pickup DR/DH/D1/DC/DM,RAM 3500 Pickup,OBSERVED_BUNDLE,,false,6,115,0,FITMENT_READY
dodge,Dodge,ram-4500-5500-cab-chassis-dr-dh-d1-dc-dm,RAM 4500/5500 Cab Chassis DR/DH/D1/DC/DM,RAM 4500/5500 Cab Chassis,OBSERVED_BUNDLE,,false,6,81,120,FITMENT_READY
dodge,Dodge,ram-van-wagon-b1500-2500-3500,Ram Van/Wagon B1500/2500/3500,Ram,OBSERVED_BUNDLE,,false,6,111,0,FITMENT_READY
dodge,Dodge,regular-cab-pick-up-br-be,Regular Cab Pick-up BR/BE,Regular Cab Pick-up,OBSERVED_BUNDLE,,false,6,121,0,FITMENT_READY
dodge,Dodge,sport-utility,Sport Utility,Sport Utility,OBSERVED_BUNDLE,,false,6,84,0,FITMENT_READY
dodge,Dodge,stratus-1st-generation,Stratus 1st generation,Stratus,OBSERVED_BUNDLE,,false,6,79,0,FITMENT_READY
dodge,Dodge,stratus-2nd-generation,Stratus 2nd generation,Stratus,OBSERVED_BUNDLE,,false,6,89,0,FITMENT_READY
dodge,Dodge,truck,Truck,Truck,OBSERVED_BUNDLE,,false,6,17,76,FITMENT_READY
dodge,Dodge,viper-sr-i,Viper SR I,Viper SR,OBSERVED_BUNDLE,,false,6,85,166,FITMENT_READY
dodge,Dodge,viper-sr-ii,Viper SR II,Viper SR,OBSERVED_BUNDLE,,false,6,105,0,FITMENT_READY
dodge,Dodge,viper-vx,Viper VX,Viper,OBSERVED_BUNDLE,,false,6,95,117,FITMENT_READY
dodge,Dodge,viper-zb,Viper ZB,Viper ZB,OBSERVED_BUNDLE,,false,6,104,200,FITMENT_READY
dodge,Dodge,vision,Vision,Vision,OBSERVED_BUNDLE,,false,6,89,193,FITMENT_READY
fiat,Fiat,126-type-126,126 (Type 126),126 (Type 126),OBSERVED_BUNDLE,,false,6,50,0,FITMENT_READY
fiat,Fiat,500-type-312,500 (Type 312),500 (Type 312),OBSERVED_BUNDLE,,false,6,17,40,FITMENT_READY
fiat,Fiat,barchetta-type-183,Barchetta (Type 183),Barchetta (Type 183),OBSERVED_BUNDLE,,false,6,97,0,FITMENT_READY
fiat,Fiat,bravo-type-182,Bravo (Type 182),Bravo (Type 182),OBSERVED_BUNDLE,,false,6,32,78,FITMENT_READY
fiat,Fiat,cinquecento-type-170,Cinquecento (Type 170) ,Cinquecento (Type 170),OBSERVED_BUNDLE,,false,6,8,20,FITMENT_READY
fiat,Fiat,coupe-type-175,Coupe (Type 175),Coupe (Type 175),OBSERVED_BUNDLE,,false,6,71,0,FITMENT_READY
fiat,Fiat,croma-type-154-facelift,Croma (Type 154) Facelift,Croma (Type 154),OBSERVED_BUNDLE,,false,6,24,100,FITMENT_READY
fiat,Fiat,croma-type-194,Croma (Type 194),Croma (Type 194),OBSERVED_BUNDLE,,false,6,24,20,FITMENT_READY
fiat,Fiat,duna-type-155,Duna (Type 155),Duna (Type 155),OBSERVED_BUNDLE,,false,6,53,0,FITMENT_READY
fiat,Fiat,elba-type-146,Elba (Type 146),Elba (Type 146),OBSERVED_BUNDLE,,false,6,91,0,FITMENT_READY
fiat,Fiat,freemont-jc49,Freemont JC49,Freemont,OBSERVED_BUNDLE,,false,6,114,161,FITMENT_READY
fiat,Fiat,grande-punto-199,Grande Punto 199,Grande Punto 199,OBSERVED_BUNDLE,,false,6,9,40,FITMENT_READY
fiat,Fiat,idea-type-350,Idea (Type 350),Idea (Type 350),OBSERVED_BUNDLE,,false,6,94,100,FITMENT_READY
fiat,Fiat,idea-type-350-facelift,Idea (Type 350) Facelift,Idea (Type 350),OBSERVED_BUNDLE,,false,6,90,0,FITMENT_READY
fiat,Fiat,linea-type-323,Linea (Type 323),Linea (Type 323),OBSERVED_BUNDLE,,false,6,53,40,FITMENT_READY
fiat,Fiat,linea-type-323-facelift,Linea (Type 323) Facelift,Linea (Type 323),OBSERVED_BUNDLE,,false,6,10,25,FITMENT_READY
fiat,Fiat,marea-type-185,Marea (Type 185),Marea (Type 185),OBSERVED_BUNDLE,,false,6,85,80,FITMENT_READY
fiat,Fiat,mille,Mille,Mille,OBSERVED_BUNDLE,,false,6,91,0,FITMENT_READY
fiat,Fiat,multipla-type-186,Multipla (Type 186),Multipla (Type 186),OBSERVED_BUNDLE,,false,6,33,162,FITMENT_READY
fiat,Fiat,nuova-bravo-type-198,Nuova Bravo (Type 198),Nuova Bravo (Type 198),OBSERVED_BUNDLE,,false,6,32,20,FITMENT_READY
fiat,Fiat,ottimo,Ottimo,Ottimo,OBSERVED_BUNDLE,,false,6,26,156,FITMENT_READY
fiat,Fiat,palio-type-178,Palio (Type 178),Palio (Type 178),OBSERVED_BUNDLE,,false,6,53,131,FITMENT_READY
fiat,Fiat,palio-type-178-1st-facelift,Palio (Type 178) 1st Facelift,Palio (Type 178),OBSERVED_BUNDLE,,false,6,24,20,FITMENT_READY
fiat,Fiat,panda-type-141-1st-facelift,Panda (Type 141) 1st Facelift,Panda (Type 141),OBSERVED_BUNDLE,,false,6,18,60,FITMENT_READY
fiat,Fiat,panda-type-141-2nd-facelift,Panda (Type 141) 2nd Facelift,Panda (Type 141),OBSERVED_BUNDLE,,false,6,30,20,FITMENT_READY
fiat,Fiat,panda-169,Panda 169,Panda 169,OBSERVED_BUNDLE,,false,6,33,11,FITMENT_READY
fiat,Fiat,perla,Perla,Perla,OBSERVED_BUNDLE,,false,6,68,20,FITMENT_READY
fiat,Fiat,punto-176,Punto 176,Punto 176,OBSERVED_BUNDLE,,false,6,23,20,FITMENT_READY
fiat,Fiat,punto-188,Punto 188,Punto 188,OBSERVED_BUNDLE,,false,6,10,0,FITMENT_READY
fiat,Fiat,punto-199,Punto 199,Punto 199,OBSERVED_BUNDLE,,false,6,10,19,FITMENT_READY
fiat,Fiat,sedici-189,Sedici 189 ,Sedici 189,OBSERVED_BUNDLE,,false,6,22,0,FITMENT_READY
fiat,Fiat,sedici-189-facelift,Sedici 189 Facelift,Sedici 189,OBSERVED_BUNDLE,,false,6,67,0,FITMENT_READY
fiat,Fiat,seicento-187,Seicento 187,Seicento 187,OBSERVED_BUNDLE,,false,6,42,127,FITMENT_READY
fiat,Fiat,siena-type-178,Siena (Type 178),Siena (Type 178),OBSERVED_BUNDLE,,false,6,73,0,FITMENT_READY
fiat,Fiat,small-500-l-ls-se,Small 500 L-LS-SE ,Small 500 L-LS-SE,OBSERVED_BUNDLE,,false,6,58,0,FITMENT_READY
fiat,Fiat,small-990,Small 990,Small 990,OBSERVED_BUNDLE,,false,6,76,0,FITMENT_READY
fiat,Fiat,stilo-type-192,Stilo (Type 192),Stilo (Type 192),OBSERVED_BUNDLE,,false,6,63,20,FITMENT_READY
fiat,Fiat,tempr-1370-1580-159,Tempr 1370/1580 159,Tempr 1370/1580 159,OBSERVED_BUNDLE,,false,6,108,0,FITMENT_READY
fiat,Fiat,tempra-type-159,Tempra (Type 159),Tempra (Type 159),OBSERVED_BUNDLE,,false,6,54,24,FITMENT_READY
fiat,Fiat,tipo-type-160,Tipo (Type 160),Tipo (Type 160),OBSERVED_BUNDLE,,false,6,54,76,FITMENT_READY
fiat,Fiat,ulysse-179,Ulysse 179,Ulysse 179,OBSERVED_BUNDLE,,false,6,55,20,FITMENT_READY
fiat,Fiat,ulysse-220,Ulysse 220,Ulysse 220,OBSERVED_BUNDLE,,false,6,82,105,FITMENT_READY
fiat,Fiat,uno-type-146,Uno (Type 146),Uno (Type 146),OBSERVED_BUNDLE,,false,6,59,179,FITMENT_READY
fiat,Fiat,viaggio,Viaggio,Viaggio,OBSERVED_BUNDLE,,false,6,15,0,FITMENT_READY
ford,Ford,b-max-jk8,B-Max JK8,B-Max,OBSERVED_BUNDLE,,false,6,24,15,FITMENT_READY
ford,Ford,c-max-dm2-facelift,C-Max DM2 Facelift,C-Max,OBSERVED_BUNDLE,,false,6,18,0,FITMENT_READY
ford,Ford,c-max-dxa,C-Max DXA,C-Max DXA,OBSERVED_BUNDLE,,false,6,60,362,FITMENT_READY
ford,Ford,c-max-dxa-facelift,C-Max DXA Facelift,C-Max DXA,OBSERVED_BUNDLE,,false,6,108,0,FITMENT_READY
ford,Ford,cougar,Cougar,Cougar,OBSERVED_BUNDLE,,false,6,108,481,FITMENT_READY
ford,Ford,ecosport-b515,EcoSport B515,EcoSport,OBSERVED_BUNDLE,,false,6,106,259,FITMENT_READY
ford,Ford,edge-cd539,Edge CD539,Edge,OBSERVED_BUNDLE,,false,6,97,0,FITMENT_READY
ford,Ford,edge-u387,Edge U387,Edge,OBSERVED_BUNDLE,,false,6,110,100,FITMENT_READY
ford,Ford,escort-axd,Escort AxD,Escort AxD,OBSERVED_BUNDLE,,false,6,10,0,FITMENT_READY
ford,Ford,escort-axf,Escort AxF,Escort AxF,OBSERVED_BUNDLE,,false,6,54,100,FITMENT_READY
ford,Ford,escort-axl,Escort AxL,Escort AxL,OBSERVED_BUNDLE,,false,6,105,376,FITMENT_READY
ford,Ford,escort-axl-2nd-facelift,Escort AxL 2nd Facelift,Escort AxL,OBSERVED_BUNDLE,,false,6,103,60,FITMENT_READY
ford,Ford,everest-u268,Everest U268,Everest,OBSERVED_BUNDLE,,false,6,95,0,FITMENT_READY
ford,Ford,explorer-u502,Explorer U502,Explorer,OBSERVED_BUNDLE,,false,6,98,20,FITMENT_READY
ford,Ford,explorer-un46-un105-150,Explorer UN46/UN105/150,Explorer,OBSERVED_BUNDLE,,false,6,90,190,FITMENT_READY
ford,Ford,fiesta-fxt-fxd,Fiesta FxT/FxD,Fiesta,OBSERVED_BUNDLE,,false,6,4,10,FITMENT_READY
ford,Ford,fiesta-gfj,Fiesta GFJ,Fiesta GFJ,OBSERVED_BUNDLE,,false,6,73,20,FITMENT_READY
ford,Ford,fiesta-ja8,Fiesta JA8,Fiesta,OBSERVED_BUNDLE,,false,6,26,0,FITMENT_READY
ford,Ford,fiesta-ja8-facelift,Fiesta JA8 Facelift,Fiesta,OBSERVED_BUNDLE,,false,6,50,0,FITMENT_READY
ford,Ford,fiesta-jc3-jd3-jh1,Fiesta JC3/JD3/JH1,Fiesta,OBSERVED_BUNDLE,,false,6,62,0,FITMENT_READY
ford,Ford,fiesta-jxs,Fiesta JxS,Fiesta JxS,OBSERVED_BUNDLE,,false,6,53,20,FITMENT_READY
ford,Ford,figo-b517,Figo B517,Figo,OBSERVED_BUNDLE,,false,6,106,180,FITMENT_READY
ford,Ford,figo-b562,Figo B562,Figo,OBSERVED_BUNDLE,,false,6,79,20,FITMENT_READY
ford,Ford,focus-c170,Focus C170,Focus,OBSERVED_BUNDLE,,false,6,36,0,FITMENT_READY
ford,Ford,focus-c307-c170,Focus C307/C170,Focus,OBSERVED_BUNDLE,,false,6,42,20,FITMENT_READY
ford,Ford,focus-c346,Focus C346,Focus,OBSERVED_BUNDLE,,false,6,40,10,FITMENT_READY
ford,Ford,galaxy-mkl-v191,Galaxy MkI V191,Galaxy MkI,OBSERVED_BUNDLE,,false,6,56,37,FITMENT_READY
ford,Ford,galaxy-mkll-v191,Galaxy MkII V191,Galaxy MkII,OBSERVED_BUNDLE,,false,6,116,96,FITMENT_READY
ford,Ford,granada-scorpio-mark-lll,Granada/Scorpio Mark III,Granada/Scorpio Mark,OBSERVED_BUNDLE,,false,6,59,20,FITMENT_READY
ford,Ford,ka-b420,KA B420,KA,OBSERVED_BUNDLE,,false,6,89,37,FITMENT_READY
ford,Ford,ka-be146,KA BE146,KA,OBSERVED_BUNDLE,,false,6,78,0,FITMENT_READY
ford,Ford,kuga-c394,Kuga C394,Kuga,OBSERVED_BUNDLE,,false,6,47,0,FITMENT_READY
ford,Ford,kuga-c520,Kuga C520,Kuga,OBSERVED_BUNDLE,,false,6,69,20,FITMENT_READY
ford,Ford,maverick,Maverick,Maverick,OBSERVED_BUNDLE,,false,6,110,0,FITMENT_READY
ford,Ford,maverick-1st-generation,Maverick 1st Generation,Maverick,OBSERVED_BUNDLE,,false,6,94,94,FITMENT_READY
ford,Ford,maverick-2nd-generation,Maverick 2nd Generation,Maverick,OBSERVED_BUNDLE,,false,6,106,0,FITMENT_READY
ford,Ford,mondeo-1st-generation,Mondeo 1st Generation,Mondeo,OBSERVED_BUNDLE,,false,6,73,0,FITMENT_READY
ford,Ford,mondeo-1st-generation-facelift,Mondeo 1st Generation Facelift,Mondeo,OBSERVED_BUNDLE,,false,6,53,100,FITMENT_READY
ford,Ford,mondeo-2nd-generation,Mondeo 2nd Generation,Mondeo,OBSERVED_BUNDLE,,false,6,120,117,FITMENT_READY
ford,Ford,mondeo-3rd-generation,Mondeo 3rd Generation,Mondeo,OBSERVED_BUNDLE,,false,6,7,0,FITMENT_READY
ford,Ford,mondeo-4th-generation,Mondeo 4th Generation,Mondeo,OBSERVED_BUNDLE,,false,6,90,120,FITMENT_READY
ford,Ford,mustang-s550,Mustang S550,Mustang,OBSERVED_BUNDLE,,false,6,90,0,FITMENT_READY
ford,Ford,p100,P100,P100,OBSERVED_BUNDLE,,false,6,91,0,FITMENT_READY
ford,Ford,probe-2nd-generation,Probe 2nd Generation,Probe,OBSERVED_BUNDLE,,false,6,68,40,FITMENT_READY
ford,Ford,puma,Puma,Puma,OBSERVED_BUNDLE,,false,6,58,132,FITMENT_READY
ford,Ford,ranger-1st-generation,Ranger 1st Genearation,Ranger 1st Genearation,OBSERVED_BUNDLE,,false,6,98,207,FITMENT_READY
ford,Ford,ranger-1st-generation-facelift,Ranger 1st Genearation Facelift,Ranger 1st Genearation,OBSERVED_BUNDLE,,false,6,87,160,FITMENT_READY
ford,Ford,ranger-2nd-generation,Ranger 2nd Generation,Ranger,OBSERVED_BUNDLE,,false,6,47,80,FITMENT_READY
ford,Ford,ranger-2nd-generation-facelift,Ranger 2nd Generation Facelift,Ranger,OBSERVED_BUNDLE,,false,6,50,0,FITMENT_READY
ford,Ford,ranger-t6-1st-generation,Ranger T6 1st Generation,Ranger,OBSERVED_BUNDLE,,false,6,79,0,FITMENT_READY
ford,Ford,s-max-cd340,S-Max CD340,S-Max,OBSERVED_BUNDLE,,false,6,8,20,FITMENT_READY
ford,Ford,s-max-cd539,S-Max CD539,S-Max,OBSERVED_BUNDLE,,false,6,95,20,FITMENT_READY
ford,Ford,scorpio-2nd-genearation,Scorpio 2nd Generation,Scorpio,OBSERVED_BUNDLE,,false,6,112,16,FITMENT_READY
ford,Ford,sierra,Sierra,Sierra,OBSERVED_BUNDLE,,false,6,70,0,FITMENT_READY
ford,Ford,sierra-facelift,Sierra Facelift,Sierra,OBSERVED_BUNDLE,,false,6,36,0,FITMENT_READY
ford,Ford,windstar-1st-generation,Windstar 1st Generation,Windstar,OBSERVED_BUNDLE,,false,6,61,0,FITMENT_READY
gmc,Gmc,acadia-1st-generation,Acadia 1st Generation,Acadia,OBSERVED_BUNDLE,,false,6,110,0,FITMENT_READY
gmc,Gmc,acadia-2nd-generation,Acadia 2nd Generation,Acadia,OBSERVED_BUNDLE,,false,6,111,0,FITMENT_READY
gmc,Gmc,c-k-1500-2500-3500-3rd-generation,C/K 1500/2500/3500 3rd Generation,C/K 1500/2500/3500,OBSERVED_BUNDLE,,false,6,55,0,FITMENT_READY
gmc,Gmc,c-k-1500-2500-3500-4th-generation,C/K 1500/2500/3500 4th Generation,C/K 1500/2500/3500,OBSERVED_BUNDLE,,false,6,113,0,FITMENT_READY
gmc,Gmc,canyon-1st-generation,Canyon 1st Generation,Canyon,OBSERVED_BUNDLE,,false,6,90,0,FITMENT_READY
gmc,Gmc,envoy-1st-generation,Envoy 1st Generation,Envoy,OBSERVED_BUNDLE,,false,6,115,0,FITMENT_READY
gmc,Gmc,envoy-1st-generation-facelift,Envoy 1st Generation Facelift,Envoy,OBSERVED_BUNDLE,,false,6,115,0,FITMENT_READY
gmc,Gmc,jimmy-s-15-3rd-generation,Jimmy S-15 3rd Generation,Jimmy S-15,OBSERVED_BUNDLE,,false,6,93,0,FITMENT_READY
gmc,Gmc,jimmy-s-15-4th-generation,Jimmy S-15 4th Generation ,Jimmy S-15,OBSERVED_BUNDLE,,false,6,109,0,FITMENT_READY
gmc,Gmc,s15-pickup-1st-generation,S15 Pickup 1st Generation,S15 Pickup,OBSERVED_BUNDLE,,false,6,111,0,FITMENT_READY
gmc,Gmc,savana-1st-generation,Savana 1st Generation,Savana,OBSERVED_BUNDLE,,false,6,107,0,FITMENT_READY
gmc,Gmc,savana-2nd-generation,Savana 2nd Generation,Savana,OBSERVED_BUNDLE,,false,6,115,0,FITMENT_READY
gmc,Gmc,savana-2nd-generation-facelift,Savana 2nd Generation Facelift,Savana,OBSERVED_BUNDLE,,false,6,113,0,FITMENT_READY
gmc,Gmc,sierra-1st-generation,Sierra 1st Generation,Sierra,OBSERVED_BUNDLE,,false,6,116,0,FITMENT_READY
gmc,Gmc,sierra-gmt-k2xx,Sierra GMT K2XX,Sierra GMT,OBSERVED_BUNDLE,,false,6,111,0,FITMENT_READY
gmc,Gmc,sierra-gmt-t1xx,Sierra GMT T1XX,Sierra GMT,OBSERVED_BUNDLE,,false,6,123,0,FITMENT_READY
gmc,Gmc,sierra-gmt800,Sierra GMT800,Sierra,OBSERVED_BUNDLE,,false,6,116,0,FITMENT_READY
gmc,Gmc,sierra-gmt900,Sierra GMT900,Sierra,OBSERVED_BUNDLE,,false,6,124,0,FITMENT_READY
gmc,Gmc,silverado-gmt800,Silverado GMT800,Silverado,OBSERVED_BUNDLE,,false,6,116,0,FITMENT_READY
gmc,Gmc,sonoma-1st-generation,Sonoma 1st Generation,Sonoma,OBSERVED_BUNDLE,,false,6,115,0,FITMENT_READY
gmc,Gmc,sonoma-2nd-generation,Sonoma 2nd Generation,Sonoma,OBSERVED_BUNDLE,,false,6,109,0,FITMENT_READY
gmc,Gmc,suburban-7th-generation,Suburban 7th Generation,Suburban,OBSERVED_BUNDLE,,false,6,120,0,FITMENT_READY
gmc,Gmc,suburban-8th-generation,Suburban 8th Generation,Suburban,OBSERVED_BUNDLE,,false,6,106,0,FITMENT_READY
gmc,Gmc,syclone,Syclone,Syclone,OBSERVED_BUNDLE,,false,6,115,0,FITMENT_READY
gmc,Gmc,terrain-1st-generation,Terrain 1st Generation,Terrain,OBSERVED_BUNDLE,,false,6,117,0,FITMENT_READY
gmc,Gmc,typhoon,Typhoon,Typhoon,OBSERVED_BUNDLE,,false,6,115,0,FITMENT_READY
gmc,Gmc,yukon-gmt-k2uc-g,Yukon GMT K2UC/G,Yukon GMT,OBSERVED_BUNDLE,,false,6,115,0,FITMENT_READY
gmc,Gmc,yukon-gmt400,Yukon GMT400,Yukon,OBSERVED_BUNDLE,,false,6,106,0,FITMENT_READY
gmc,Gmc,yukon-gmt800,Yukon GMT800,Yukon,OBSERVED_BUNDLE,,false,6,116,0,FITMENT_READY
gmc,Gmc,yukon-gmt900,Yukon GMT900,Yukon,OBSERVED_BUNDLE,,false,6,114,0,FITMENT_READY
honda,Honda,accord-ca,Accord CA,Accord CA,OBSERVED_BUNDLE,,false,6,48,100,FITMENT_READY
honda,Honda,accord-cb-cc,Accord CB/CC,Accord,OBSERVED_BUNDLE,,false,6,10,32,FITMENT_READY
honda,Honda,accord-cd-ce-cf2,Accord CD/CE/CF2,Accord,OBSERVED_BUNDLE,,false,6,11,20,FITMENT_READY
honda,Honda,accord-cg-cf6-7-ch-cl2-4,Accord CG/CF6-7/CH/CL2-4,Accord,OBSERVED_BUNDLE,,false,6,21,120,FITMENT_READY
honda,Honda,accord-cl7-9-cm-cn,Accord CL7-9/CM/CN,Accord,OBSERVED_BUNDLE,,false,6,32,0,FITMENT_READY
honda,Honda,accord-cu-cw,Accord CU/CW,Accord,OBSERVED_BUNDLE,,false,6,76,348,FITMENT_READY
honda,Honda,accord-sy-sz-ac-ad,Accord SY/SZ/AC/AD,Accord,OBSERVED_BUNDLE,,false,6,47,0,FITMENT_READY
honda,Honda,accord-tourer-cl7-9-cm-cn,Accord Tourer CL7-9/CM/CN,Accord Tourer,OBSERVED_BUNDLE,,false,6,26,0,FITMENT_READY
honda,Honda,ballade,Ballade,Ballade,OBSERVED_BUNDLE,,false,6,28,0,FITMENT_READY
honda,Honda,city,City,City,OBSERVED_BUNDLE,,false,6,28,0,FITMENT_READY
honda,Honda,civic-2nd-generation,Civic 2nd Generation,Civic,OBSERVED_BUNDLE,,false,6,11,20,FITMENT_READY
honda,Honda,civic-3rd-generation,Civic 3rd Generation,Civic,OBSERVED_BUNDLE,,false,6,23,0,FITMENT_READY
honda,Honda,civic-4th-generation,Civic 4th Generation,Civic,OBSERVED_BUNDLE,,false,6,11,0,FITMENT_READY
honda,Honda,civic-5th-generation,Civic 5th Generation,Civic,OBSERVED_BUNDLE,,false,6,19,0,FITMENT_READY
honda,Honda,civic-6th-generation,Civic 6th Generation,Civic,OBSERVED_BUNDLE,,false,6,15,73,FITMENT_READY
honda,Honda,civic-7th-generation,Civic 7th Generation,Civic,OBSERVED_BUNDLE,,false,6,30,0,FITMENT_READY
honda,Honda,civic-8th-generation,Civic 8th Generation,Civic,OBSERVED_BUNDLE,,false,6,14,20,FITMENT_READY
honda,Honda,civic-shuttle-3rd-4th-generation,Civic Shuttle-3rd/4th Generation,Civic Shuttle-3rd/4th Generation,OBSERVED_BUNDLE,,false,6,26,20,FITMENT_READY
honda,Honda,cr-v-1st-generation,CR-V 1st Generation,CR-V,OBSERVED_BUNDLE,,false,6,2,0,FITMENT_READY
honda,Honda,cr-v-2nd-generation,CR-V 2nd Generation,CR-V,OBSERVED_BUNDLE,,false,6,41,20,FITMENT_READY
honda,Honda,cr-v-3rd-generation,CR-V 3rd Generation,CR-V,OBSERVED_BUNDLE,,false,6,26,60,FITMENT_READY
honda,Honda,cr-z,CR-Z,CR-Z,OBSERVED_BUNDLE,,false,6,90,20,FITMENT_READY
honda,Honda,fr-v,FR-V,FR-V,OBSERVED_BUNDLE,,false,6,30,20,FITMENT_READY
honda,Honda,hr-v,HR-V,HR-V,OBSERVED_BUNDLE,,false,6,6,20,FITMENT_READY
honda,Honda,insight-ze2,Insight ZE2,Insight,OBSERVED_BUNDLE,,false,6,79,281,FITMENT_READY
honda,Honda,integra,Integra,Integra,OBSERVED_BUNDLE,,false,6,40,0,FITMENT_READY
honda,Honda,jazz-gd,Jazz GD,Jazz GD,OBSERVED_BUNDLE,,false,6,27,160,FITMENT_READY
honda,Honda,jazz-ge,JAZZ GE,JAZZ GE,OBSERVED_BUNDLE,,false,6,68,468,FITMENT_READY
honda,Honda,legend-ka1-6,Legend KA1-6,Legend,OBSERVED_BUNDLE,,false,6,19,0,FITMENT_READY
honda,Honda,legend-ka7-8,Legend KA7/8,Legend,OBSERVED_BUNDLE,,false,6,24,0,FITMENT_READY
honda,Honda,nsx-i,NSX I,NSX,OBSERVED_BUNDLE,,false,6,30,0,FITMENT_READY
honda,Honda,prelude-ba8-9-bb1-2-3-4,Prelude BA8/9/BB1/2/3/4,Prelude,OBSERVED_BUNDLE,,false,6,51,0,FITMENT_READY
honda,Honda,prelude-bb5-6-7-8-9,Prelude BB5/6/7/8/9,Prelude,OBSERVED_BUNDLE,,false,6,13,0,FITMENT_READY
honda,Honda,rl-ka9,RL KA9,RL,OBSERVED_BUNDLE,,false,6,40,0,FITMENT_READY
honda,Honda,s2000,S2000,S2000,OBSERVED_BUNDLE,,false,6,3,0,FITMENT_READY
honda,Honda,vigor,Vigor,Vigor,OBSERVED_BUNDLE,,false,6,88,0,FITMENT_READY
hummer,Hummer,h2,H2,H2,OBSERVED_BUNDLE,,false,6,106,0,FITMENT_READY
hummer,Hummer,h3,H3,H3,OBSERVED_BUNDLE,,false,6,112,0,FITMENT_READY
hyundai,Hyundai,accent-bn7,Accent BN7,Accent,OBSERVED_BUNDLE,,false,6,1,0,FITMENT_READY
hyundai,Hyundai,accent-hc-yc,Accent HC/YC,Accent,OBSERVED_BUNDLE,,false,6,5,20,FITMENT_READY
hyundai,Hyundai,accent-hc-yc-facelift,Accent HC/YC Facelift,Accent,OBSERVED_BUNDLE,,false,6,2,0,FITMENT_READY
hyundai,Hyundai,accent-lc,Accent LC,Accent LC,OBSERVED_BUNDLE,,false,6,3,11,FITMENT_READY
hyundai,Hyundai,accent-mc,Accent MC,Accent MC,OBSERVED_BUNDLE,,false,6,11,5,FITMENT_READY
hyundai,Hyundai,accent-rb-rc,Accent RB/RC,Accent,OBSERVED_BUNDLE,,false,6,11,0,FITMENT_READY
hyundai,Hyundai,accent-rb-rc-facelift,Accent RB/RC Facelift,Accent,OBSERVED_BUNDLE,,false,6,36,20,FITMENT_READY
hyundai,Hyundai,accent-x3,Accent X3,Accent,OBSERVED_BUNDLE,,false,6,5,0,FITMENT_READY
hyundai,Hyundai,atos,Atos,Atos,OBSERVED_BUNDLE,,false,6,20,180,FITMENT_READY
hyundai,Hyundai,atos-prime,Atos Prime,Atos Prime,OBSERVED_BUNDLE,,false,6,11,0,FITMENT_READY
hyundai,Hyundai,atos-prime-facelift,Atos Prime Facelift,Atos Prime,OBSERVED_BUNDLE,,false,6,6,0,FITMENT_READY
hyundai,Hyundai,azera-hg,Azera HG,Azera HG,OBSERVED_BUNDLE,,false,6,14,0,FITMENT_READY
hyundai,Hyundai,azera-hg-facelift,Azera HG Facelift,Azera HG,OBSERVED_BUNDLE,,false,6,17,0,FITMENT_READY
hyundai,Hyundai,azera-ig-facelift,Azera IG Facelift,Azera IG,OBSERVED_BUNDLE,,false,6,14,0,FITMENT_READY
hyundai,Hyundai,azera-tg,Azera TG,Azera TG,OBSERVED_BUNDLE,,false,6,39,271,FITMENT_READY
hyundai,Hyundai,centennial-lz-yj,Centennial LZ/YJ,Centennial,OBSERVED_BUNDLE,,false,6,7,0,FITMENT_READY
hyundai,Hyundai,centennial-lz-yj-facelift,Centennial LZ/YJ Facelift,Centennial,OBSERVED_BUNDLE,,false,6,19,0,FITMENT_READY
hyundai,Hyundai,coupe-gk,Coupe GK,Coupe GK,OBSERVED_BUNDLE,,false,6,84,20,FITMENT_READY
hyundai,Hyundai,coupe-gk-f-l2,Coupe GK F/L2,Coupe GK,OBSERVED_BUNDLE,,false,6,90,208,FITMENT_READY
hyundai,Hyundai,coupe-rd,Coupe RD,Coupe RD,OBSERVED_BUNDLE,,false,6,114,860,FITMENT_READY
hyundai,Hyundai,creta-gs-gc,Creta GS/GC,Creta,OBSERVED_BUNDLE,,false,6,91,193,FITMENT_READY
hyundai,Hyundai,creta-gs-gc-facelift,Creta GS/GC Facelift,Creta,OBSERVED_BUNDLE,,false,6,46,148,FITMENT_READY
hyundai,Hyundai,creta-su2,Creta SU2,Creta,OBSERVED_BUNDLE,,false,6,51,0,FITMENT_READY
hyundai,Hyundai,creta-su2-facelift,Creta SU2 Facelift,Creta,OBSERVED_BUNDLE,,false,6,35,20,FITMENT_READY
hyundai,Hyundai,custin,Custin,Custin,OBSERVED_BUNDLE,,false,6,89,0,FITMENT_READY
hyundai,Hyundai,custo,Custo,Custo,OBSERVED_BUNDLE,,false,6,53,220,FITMENT_READY
hyundai,Hyundai,elantra-ad,Elantra AD,Elantra AD,OBSERVED_BUNDLE,,false,6,57,0,FITMENT_READY
hyundai,Hyundai,elantra-ad-facelift,Elantra AD Facelift,Elantra AD,OBSERVED_BUNDLE,,false,6,86,0,FITMENT_READY
hyundai,Hyundai,elantra-cn7,Elantra CN7,Elantra,OBSERVED_BUNDLE,,false,6,106,8,FITMENT_READY
hyundai,Hyundai,elantra-cn7-facelift,Elantra CN7 Facelift,Elantra,OBSERVED_BUNDLE,,false,6,33,125,FITMENT_READY
hyundai,Hyundai,elantra-hd,Elantra HD,Elantra HD,OBSERVED_BUNDLE,,false,6,68,0,FITMENT_READY
hyundai,Hyundai,elantra-j1,Elantra J1,Elantra,OBSERVED_BUNDLE,,false,6,76,216,FITMENT_READY
hyundai,Hyundai,elantra-j2-j3-rd,Elantra J2/J3/RD,Elantra,OBSERVED_BUNDLE,,false,6,111,140,FITMENT_READY
hyundai,Hyundai,elantra-md-ud-jk,Elantra MD/UD/JK,Elantra,OBSERVED_BUNDLE,,false,6,98,0,FITMENT_READY
hyundai,Hyundai,elantra-md-ud-jk-facelift,Elantra MD/UD/JK Facelift,Elantra,OBSERVED_BUNDLE,,false,6,105,0,FITMENT_READY
hyundai,Hyundai,elantra-n-facelift,Elantra N Facelift,Elantra N,OBSERVED_BUNDLE,,false,6,70,100,FITMENT_READY
hyundai,Hyundai,elantra-xd,Elantra XD,Elantra XD,OBSERVED_BUNDLE,,false,6,118,0,FITMENT_READY
hyundai,Hyundai,elantra-xd-facelift,Elantra XD Facelift,Elantra XD,OBSERVED_BUNDLE,,false,6,76,0,FITMENT_READY
hyundai,Hyundai,eon,Eon,Eon,OBSERVED_BUNDLE,,false,6,52,0,FITMENT_READY
hyundai,Hyundai,equus-vl,Equus VI,Equus,OBSERVED_BUNDLE,,false,6,85,0,FITMENT_READY
hyundai,Hyundai,equus-vl-facelift,Equus VI Facelift,Equus,OBSERVED_BUNDLE,,false,6,67,0,FITMENT_READY
hyundai,Hyundai,excel-x2,Excel X2,Excel,OBSERVED_BUNDLE,,false,6,94,0,FITMENT_READY
hyundai,Hyundai,galloper-2nd-generation,Galloper 2nd Generation,Galloper,OBSERVED_BUNDLE,,false,6,62,0,FITMENT_READY
hyundai,Hyundai,genesis-bh,Genesis BH,Genesis BH,OBSERVED_BUNDLE,,false,6,93,0,FITMENT_READY
hyundai,Hyundai,genesis-coupe,Genesis Coupe,Genesis Coupe,OBSERVED_BUNDLE,,false,6,83,220,FITMENT_READY
hyundai,Hyundai,genesis-coupe-facelift,Genesis Coupe Facelift,Genesis Coupe,OBSERVED_BUNDLE,,false,6,73,0,FITMENT_READY
hyundai,Hyundai,genesis-dh,Genesis DH,Genesis DH,OBSERVED_BUNDLE,,false,6,79,0,FITMENT_READY
hyundai,Hyundai,getz,Getz,Getz,OBSERVED_BUNDLE,,false,6,94,0,FITMENT_READY
hyundai,Hyundai,getz-facelift,Getz Facelift,Getz,OBSERVED_BUNDLE,,false,6,120,0,FITMENT_READY
hyundai,Hyundai,grand-i10-ac3-ai3,Grand i10 AC3/AI3,Grand,OBSERVED_BUNDLE,,false,6,100,582,FITMENT_READY
hyundai,Hyundai,grand-i10-ac3-ai3-facelift,Grand i10 AC3/AI3 Facelift,Grand,OBSERVED_BUNDLE,,false,6,107,0,FITMENT_READY
hyundai,Hyundai,grand-i10-ia-ba,Grand i10 IA/BA,Grand,OBSERVED_BUNDLE,,false,6,71,160,FITMENT_READY
hyundai,Hyundai,grand-i10-ia-ba-facelift,Grand i10 IA/BA Facelift,Grand,OBSERVED_BUNDLE,,false,6,102,167,FITMENT_READY
hyundai,Hyundai,grand-santa-fe-dm-nc,Grand Santa Fe DM/NC,Grand Santa Fe,OBSERVED_BUNDLE,,false,6,124,0,FITMENT_READY
hyundai,Hyundai,grand-santa-fe-dm-nc-facelift,Grand Santa Fe DM/NC Facelift,Grand Santa Fe,OBSERVED_BUNDLE,,false,6,124,0,FITMENT_READY
hyundai,Hyundai,grandeur-gn7,Grandeur GN7,Grandeur,OBSERVED_BUNDLE,,false,6,119,0,FITMENT_READY
hyundai,Hyundai,grandeur-ig,Grandeur IG,Grandeur IG,OBSERVED_BUNDLE,,false,6,117,0,FITMENT_READY
hyundai,Hyundai,grandeur-tg,Grandeur TG,Grandeur TG,OBSERVED_BUNDLE,,false,6,108,0,FITMENT_READY
hyundai,Hyundai,grandeur-xg,Grandeur XG,Grandeur XG,OBSERVED_BUNDLE,,false,6,79,0,FITMENT_READY
hyundai,Hyundai,h-1-a1-facelift,H-1 A1 Facelift,H-1,OBSERVED_BUNDLE,,false,6,102,0,FITMENT_READY
hyundai,Hyundai,h-1-tq,H-1 TQ,H-1 TQ,OBSERVED_BUNDLE,,false,6,122,397,FITMENT_READY
hyundai,Hyundai,hb20-br2,HB20 BR2,HB20,OBSERVED_BUNDLE,,false,6,105,92,FITMENT_READY
hyundai,Hyundai,hb20-br2-facelift,HB20 BR2 Facelift,HB20,OBSERVED_BUNDLE,,false,6,119,0,FITMENT_READY
hyundai,Hyundai,hb20-hb,HB20 HB,HB20 HB,OBSERVED_BUNDLE,,false,6,124,0,FITMENT_READY
hyundai,Hyundai,i10-pa,i10 PA,i10 PA,OBSERVED_BUNDLE,,false,6,95,0,FITMENT_READY
hyundai,Hyundai,i10-pa-facelift,i10 PA Facelift,i10 PA,OBSERVED_BUNDLE,,false,6,63,117,FITMENT_READY
hyundai,Hyundai,i20-bc3-bi3,i20 BC3/BI3,i20,OBSERVED_BUNDLE,,false,6,109,414,FITMENT_READY
hyundai,Hyundai,i20-bc3-bi3-facelift,i20 BC3/BI3 Facelift,i20,OBSERVED_BUNDLE,,false,6,108,0,FITMENT_READY
hyundai,Hyundai,i20-gb-ib,i20 GB/IB,i20,OBSERVED_BUNDLE,,false,6,109,0,FITMENT_READY
hyundai,Hyundai,i20-gb-ib-facelift,i20 GB/IB Facelift,i20,OBSERVED_BUNDLE,,false,6,69,0,FITMENT_READY
hyundai,Hyundai,i20-pb,i20 PB,i20 PB,OBSERVED_BUNDLE,,false,6,89,265,FITMENT_READY
hyundai,Hyundai,i20-pb-facelift,i20 PB Facelift,i20 PB,OBSERVED_BUNDLE,,false,6,97,0,FITMENT_READY
hyundai,Hyundai,i30-fd,i30 FD,i30 FD,OBSERVED_BUNDLE,,false,6,109,0,FITMENT_READY
hyundai,Hyundai,i30-gd,i30 GD,i30 GD,OBSERVED_BUNDLE,,false,6,64,0,FITMENT_READY
hyundai,Hyundai,i30-gd-facelift,i30 GD Facelift,i30 GD,OBSERVED_BUNDLE,,false,6,31,0,FITMENT_READY
hyundai,Hyundai,i30-pd,i30 PD,i30 PD,OBSERVED_BUNDLE,,false,6,110,0,FITMENT_READY
hyundai,Hyundai,i30-pd-1st-facelift,i30 PD 1st Facelift,i30 PD,OBSERVED_BUNDLE,,false,6,88,0,FITMENT_READY
hyundai,Hyundai,i40,i40,i40,OBSERVED_BUNDLE,,false,6,87,0,FITMENT_READY
hyundai,Hyundai,i40-facelift,i40 Facelift,i40,OBSERVED_BUNDLE,,false,6,82,0,FITMENT_READY
hyundai,Hyundai,inster,Inster,Inster,OBSERVED_BUNDLE,,false,6,56,0,FITMENT_READY
hyundai,Hyundai,ioniq-5,Ioniq 5,Ioniq 5,OBSERVED_BUNDLE,,false,6,51,0,FITMENT_READY
hyundai,Hyundai,ioniq-5-facelift,Ioniq 5 Facelift,Ioniq 5,OBSERVED_BUNDLE,,false,6,99,0,FITMENT_READY
hyundai,Hyundai,ioniq-6,Ioniq 6,Ioniq 6,OBSERVED_BUNDLE,,false,6,83,0,FITMENT_READY
hyundai,Hyundai,ioniq-electric,Ioniq Electric,Ioniq Electric,OBSERVED_BUNDLE,,false,6,64,0,FITMENT_READY
hyundai,Hyundai,ioniq-hybrid,Ioniq Hybrid,Ioniq Hybrid,OBSERVED_BUNDLE,,false,6,119,0,FITMENT_READY
hyundai,Hyundai,ix35-lm,ix35 LM,ix35 LM,OBSERVED_BUNDLE,,false,6,58,0,FITMENT_READY
hyundai,Hyundai,ix35-lm-facelift,ix35 LM Facelift,ix35 LM,OBSERVED_BUNDLE,,false,6,77,0,FITMENT_READY
hyundai,Hyundai,kona-os,Kona OS,Kona OS,OBSERVED_BUNDLE,,false,6,70,0,FITMENT_READY
hyundai,Hyundai,kona-os-facelift,Kona OS Facelift,Kona OS,OBSERVED_BUNDLE,,false,6,85,0,FITMENT_READY
hyundai,Hyundai,kona-sx2,Kona SX2,Kona,OBSERVED_BUNDLE,,false,6,66,0,FITMENT_READY
hyundai,Hyundai,matrix,Matrix,Matrix,OBSERVED_BUNDLE,,false,6,118,0,FITMENT_READY
hyundai,Hyundai,matrix-1st-facelift,Matrix 1st Facelift,Matrix,OBSERVED_BUNDLE,,false,6,124,0,FITMENT_READY
hyundai,Hyundai,matrix-2nd-facelift,Matrix 2nd Facelift,Matrix,OBSERVED_BUNDLE,,false,6,124,0,FITMENT_READY
hyundai,Hyundai,mufasa,Mufasa,Mufasa,OBSERVED_BUNDLE,,false,6,116,0,FITMENT_READY
hyundai,Hyundai,nexo,Nexo,Nexo,OBSERVED_BUNDLE,,false,6,92,0,FITMENT_READY
hyundai,Hyundai,palisade-lx2,Palisade LX2,Palisade,OBSERVED_BUNDLE,,false,6,123,0,FITMENT_READY
hyundai,Hyundai,palisade-lx3,Palisade LX3,Palisade,OBSERVED_BUNDLE,,false,6,123,0,FITMENT_READY
hyundai,Hyundai,reina,Reina,Reina,OBSERVED_BUNDLE,,false,6,83,0,FITMENT_READY
hyundai,Hyundai,santa-fe-cm,Santa Fe CM,Santa Fe CM,OBSERVED_BUNDLE,,false,6,119,0,FITMENT_READY
hyundai,Hyundai,santa-fe-cm-facelift,Santa Fe CM Facelift,Santa Fe CM,OBSERVED_BUNDLE,,false,6,123,0,FITMENT_READY
hyundai,Hyundai,santa-fe-dm-nc,Santa Fe DM/NC,Santa Fe,OBSERVED_BUNDLE,,false,6,122,0,FITMENT_READY
hyundai,Hyundai,santa-fe-dm-nc-facelift,Santa Fe DM/NC Facelift,Santa Fe,OBSERVED_BUNDLE,,false,6,124,0,FITMENT_READY
hyundai,Hyundai,santa-fe-mx5,Santa Fe MX5,Santa Fe,OBSERVED_BUNDLE,,false,6,121,0,FITMENT_READY
hyundai,Hyundai,santa-fe-sm,Santa Fe SM,Santa Fe SM,OBSERVED_BUNDLE,,false,6,87,0,FITMENT_READY
hyundai,Hyundai,santa-fe-tm,Santa Fe TM,Santa Fe TM,OBSERVED_BUNDLE,,false,6,113,0,FITMENT_READY
hyundai,Hyundai,santa-fe-tm-facelift,Santa Fe TM Facelift,Santa Fe TM,OBSERVED_BUNDLE,,false,6,123,0,FITMENT_READY
hyundai,Hyundai,santamo,Santamo,Santamo,OBSERVED_BUNDLE,,false,6,75,0,FITMENT_READY
hyundai,Hyundai,santro-ah2,Santro AH2,Santro,OBSERVED_BUNDLE,,false,6,66,0,FITMENT_READY
hyundai,Hyundai,santro-mx,Santro MX,Santro MX,OBSERVED_BUNDLE,,false,6,121,0,FITMENT_READY
hyundai,Hyundai,scoupe,Scoupe,Scoupe,OBSERVED_BUNDLE,,false,6,90,0,FITMENT_READY
hyundai,Hyundai,sonata-dn8,Sonata DN8,Sonata,OBSERVED_BUNDLE,,false,6,121,0,FITMENT_READY
hyundai,Hyundai,sonata-dn8-facelift,Sonata DN8 Facelift,Sonata,OBSERVED_BUNDLE,,false,6,124,0,FITMENT_READY
hyundai,Hyundai,sonata-ef,Sonata EF,Sonata EF,OBSERVED_BUNDLE,,false,6,124,0,FITMENT_READY
hyundai,Hyundai,sonata-ef-facelift,Sonata EF Facelift,Sonata EF,OBSERVED_BUNDLE,,false,6,124,0,FITMENT_READY
hyundai,Hyundai,sonata-lf,Sonata LF,Sonata LF,OBSERVED_BUNDLE,,false,6,122,0,FITMENT_READY
hyundai,Hyundai,sonata-lf-facelift,Sonata LF Facelift,Sonata LF,OBSERVED_BUNDLE,,false,6,121,0,FITMENT_READY
hyundai,Hyundai,sonata-nf,Sonata NF,Sonata NF,OBSERVED_BUNDLE,,false,6,124,0,FITMENT_READY
hyundai,Hyundai,sonata-nf-facelift,Sonata NF Facelift,Sonata NF,OBSERVED_BUNDLE,,false,6,125,0,FITMENT_READY
hyundai,Hyundai,sonata-y2,Sonata Y2,Sonata,OBSERVED_BUNDLE,,false,6,125,0,FITMENT_READY
hyundai,Hyundai,sonata-y3,Sonata Y3,Sonata,OBSERVED_BUNDLE,,false,6,124,0,FITMENT_READY
hyundai,Hyundai,sonata-yf,Sonata YF,Sonata YF,OBSERVED_BUNDLE,,false,6,120,0,FITMENT_READY
hyundai,Hyundai,sonata-yf-facelift,Sonata YF Facelift,Sonata YF,OBSERVED_BUNDLE,,false,6,123,0,FITMENT_READY
hyundai,Hyundai,stargazer,Stargazer,Stargazer,OBSERVED_BUNDLE,,false,6,121,0,FITMENT_READY
hyundai,Hyundai,staria,Staria,Staria,OBSERVED_BUNDLE,,false,6,124,0,FITMENT_READY
hyundai,Hyundai,stellar,Stellar,Stellar,OBSERVED_BUNDLE,,false,6,128,0,FITMENT_READY
hyundai,Hyundai,terracan,Terracan,Terracan,OBSERVED_BUNDLE,,false,6,122,0,FITMENT_READY
hyundai,Hyundai,trajet,Trajet,Trajet,OBSERVED_BUNDLE,,false,6,124,0,FITMENT_READY
hyundai,Hyundai,tucson-jm,Tucson JM,Tucson JM,OBSERVED_BUNDLE,,false,6,127,0,FITMENT_READY
hyundai,Hyundai,tucson-lm,Tucson LM,Tucson LM,OBSERVED_BUNDLE,,false,6,127,0,FITMENT_READY
hyundai,Hyundai,tucson-nx4,Tucson NX4,Tucson,OBSERVED_BUNDLE,,false,6,118,0,FITMENT_READY
hyundai,Hyundai,tucson-nx4-facelift,Tucson NX4 Facelift,Tucson,OBSERVED_BUNDLE,,false,6,112,0,FITMENT_READY
hyundai,Hyundai,tucson-tl,Tucson TL,Tucson TL,OBSERVED_BUNDLE,,false,6,120,0,FITMENT_READY
hyundai,Hyundai,tucson-tl-facelift,Tucson TL Facelift,Tucson TL,OBSERVED_BUNDLE,,false,6,123,0,FITMENT_READY
hyundai,Hyundai,veloster-fs,Veloster FS,Veloster FS,OBSERVED_BUNDLE,,false,6,123,0,FITMENT_READY
hyundai,Hyundai,veloster-js,Veloster JS,Veloster JS,OBSERVED_BUNDLE,,false,6,123,0,FITMENT_READY
hyundai,Hyundai,venue-qx,Venue QX,Venue QX,OBSERVED_BUNDLE,,false,6,123,0,FITMENT_READY
hyundai,Hyundai,veracruz,Veracruz,Veracruz,OBSERVED_BUNDLE,,false,6,85,0,FITMENT_READY
hyundai,Hyundai,verna-bn7,Verna BN7,Verna,OBSERVED_BUNDLE,,false,6,93,0,FITMENT_READY
hyundai,Hyundai,verna-hc-yc,Verna HC/YC,Verna,OBSERVED_BUNDLE,,false,6,85,0,FITMENT_READY
hyundai,Hyundai,verna-mc,Verna MC,Verna MC,OBSERVED_BUNDLE,,false,6,99,0,FITMENT_READY
hyundai,Hyundai,verna-rb-rc,Verna RB/RC,Verna,OBSERVED_BUNDLE,,false,6,120,0,FITMENT_READY
hyundai,Hyundai,xg,XG,XG,OBSERVED_BUNDLE,,false,6,104,0,FITMENT_READY
infiniti,Infiniti,esq-f15,ESQ F15,ESQ,OBSERVED_BUNDLE,,false,6,109,0,FITMENT_READY
infiniti,Infiniti,g35-37-25-v35,G35/37/25 V35,G35/37/25,OBSERVED_BUNDLE,,false,6,107,0,FITMENT_READY
infiniti,Infiniti,g35-37-25-q40-v36,G35/37/25/Q40 V36,G35/37/25/Q40,OBSERVED_BUNDLE,,false,6,117,0,FITMENT_READY
infiniti,Infiniti,m35-45-y50,M35/45 Y50,M35/45,OBSERVED_BUNDLE,,false,6,109,0,FITMENT_READY
infiniti,Infiniti,q30-qx30-h15,Q30/QX30 H15,Q30/QX30,OBSERVED_BUNDLE,,false,6,116,0,FITMENT_READY
infiniti,Infiniti,q45-f50,Q45 F50,Q45,OBSERVED_BUNDLE,,false,6,113,0,FITMENT_READY
infiniti,Infiniti,q45-y33,Q45 Y33,Q45,OBSERVED_BUNDLE,,false,6,113,0,FITMENT_READY
infiniti,Infiniti,q50-v37,Q50 V37,Q50,OBSERVED_BUNDLE,,false,6,115,0,FITMENT_READY
infiniti,Infiniti,q60-v37,Q60 V37,Q60,OBSERVED_BUNDLE,,false,6,101,0,FITMENT_READY
infiniti,Infiniti,q60-g-v36,Q60/G V36,Q60/G,OBSERVED_BUNDLE,,false,6,115,0,FITMENT_READY
infiniti,Infiniti,q60-g-v36-facelift,Q60/G V36 Facelift,Q60/G,OBSERVED_BUNDLE,,false,6,108,0,FITMENT_READY
infiniti,Infiniti,q70-m-y51,Q70/M Y51,Q70/M,OBSERVED_BUNDLE,,false,6,117,0,FITMENT_READY
infiniti,Infiniti,qx4-jr50,QX4 JR50,QX4,OBSERVED_BUNDLE,,false,6,110,0,FITMENT_READY
infiniti,Infiniti,qx50-fx-j50,QX50/FX J50,QX50/FX,OBSERVED_BUNDLE,,false,6,115,0,FITMENT_READY
infiniti,Infiniti,qx50-fx-j55,QX50/FX J55,QX50/FX,OBSERVED_BUNDLE,,false,6,115,0,FITMENT_READY
infiniti,Infiniti,qx60-jx-l50,QX60/JX L50,QX60/JX,OBSERVED_BUNDLE,,false,6,116,0,FITMENT_READY
infiniti,Infiniti,qx70-fx-s50,QX70/FX S50,QX70/FX,OBSERVED_BUNDLE,,false,6,114,0,FITMENT_READY
infiniti,Infiniti,qx70-fx-s51,QX70/FX S51,QX70/FX,OBSERVED_BUNDLE,,false,6,106,0,FITMENT_READY
infiniti,Infiniti,qx80-qx56-ja60,QX80/QX56 JA60,QX80/QX56,OBSERVED_BUNDLE,,false,6,109,0,FITMENT_READY
infiniti,Infiniti,qx80-qx56-z62,QX80/QX56 Z62,QX80/QX56,OBSERVED_BUNDLE,,false,6,111,0,FITMENT_READY
infiniti,Infiniti,qx80-qx56-z62-1st-facelift,QX80/QX56 Z62 1st Facelift,QX80/QX56,OBSERVED_BUNDLE,,false,6,111,0,FITMENT_READY
jeep,Jeep,avenger,Avenger,Avenger,OBSERVED_BUNDLE,,false,6,13,52,FITMENT_READY
jeep,Jeep,cherokee-kj,Cherokee KJ,Cherokee KJ,OBSERVED_BUNDLE,,false,6,119,0,FITMENT_READY
jeep,Jeep,cherokee-kl,Cherokee KL,Cherokee KL,OBSERVED_BUNDLE,,false,6,115,0,FITMENT_READY
jeep,Jeep,cherokee-xj,Cherokee XJ,Cherokee XJ,OBSERVED_BUNDLE,,false,6,8,20,FITMENT_READY
jeep,Jeep,cj-sj-xj,CJ/SJ/XJ,CJ/SJ/XJ,OBSERVED_BUNDLE,,false,6,99,64,FITMENT_READY
jeep,Jeep,commander-xk,Commander XK,Commander XK,OBSERVED_BUNDLE,,false,6,90,0,FITMENT_READY
jeep,Jeep,compass-mk,Compass MK,Compass MK,OBSERVED_BUNDLE,,false,6,126,0,FITMENT_READY
jeep,Jeep,compass-mp,Compass MP,Compass MP,OBSERVED_BUNDLE,,false,6,109,96,FITMENT_READY
jeep,Jeep,gladiator-jt,Gladiator JT,Gladiator JT,OBSERVED_BUNDLE,,false,6,121,0,FITMENT_READY
jeep,Jeep,grand-cherokee-wj-wg,Grand Cherokee WJ/WG,Grand Cherokee,OBSERVED_BUNDLE,,false,6,87,0,FITMENT_READY
jeep,Jeep,grand-cherokee-wk,Grand Cherokee WK,Grand Cherokee WK,OBSERVED_BUNDLE,,false,6,115,0,FITMENT_READY
jeep,Jeep,grand-cherokee-wk2,Grand Cherokee WK2,Grand Cherokee,OBSERVED_BUNDLE,,false,6,120,0,FITMENT_READY
jeep,Jeep,grand-cherokee-wl,Grand Cherokee WL,Grand Cherokee WL,OBSERVED_BUNDLE,,false,6,108,0,FITMENT_READY
jeep,Jeep,grand-cherokee-zj,Grand Cherokee ZJ,Grand Cherokee ZJ,OBSERVED_BUNDLE,,false,6,116,0,FITMENT_READY
jeep,Jeep,grand-commander-k8,Grand Commander K8,Grand Commander,OBSERVED_BUNDLE,,false,6,92,169,FITMENT_READY
jeep,Jeep,grand-wagoneer-ws,Grand Wagoneer WS,Grand Wagoneer WS,OBSERVED_BUNDLE,,false,6,128,0,FITMENT_READY
jeep,Jeep,liberty-kj,Liberty KJ,Liberty KJ,OBSERVED_BUNDLE,,false,6,90,0,FITMENT_READY
jeep,Jeep,liberty-kk,Liberty KK,Liberty KK,OBSERVED_BUNDLE,,false,6,72,69,FITMENT_READY
jeep,Jeep,meridian-1st-generation,Meridian 1st Generation,Meridian,OBSERVED_BUNDLE,,false,6,127,0,FITMENT_READY
jeep,Jeep,patriot,Patriot,Patriot,OBSERVED_BUNDLE,,false,6,120,0,FITMENT_READY
jeep,Jeep,renegade-bu,Renegade BU,Renegade BU,OBSERVED_BUNDLE,,false,6,123,0,FITMENT_READY
jeep,Jeep,renegade-bu-facelift,Renegade BU Facelift,Renegade BU,OBSERVED_BUNDLE,,false,6,61,74,FITMENT_READY
jeep,Jeep,wagoneer-ws,Wagoneer WS,Wagoneer WS,OBSERVED_BUNDLE,,false,6,128,0,FITMENT_READY
jeep,Jeep,wrangler-jk,Wrangler JK,Wrangler JK,OBSERVED_BUNDLE,,false,6,119,0,FITMENT_READY
jeep,Jeep,wrangler-jl,Wrangler JL,Wrangler JL,OBSERVED_BUNDLE,,false,6,123,0,FITMENT_READY
jeep,Jeep,wrangler-tj,Wrangler TJ,Wrangler TJ,OBSERVED_BUNDLE,,false,6,87,0,FITMENT_READY
jetta,Jetta,va7,VA7,VA7,OBSERVED_BUNDLE,,false,6,104,0,FITMENT_READY
jetta,Jetta,vs8,VS8,VS8,OBSERVED_BUNDLE,,false,6,113,0,FITMENT_READY
kia,Kia,cadenza-vg,Cadenza VG,Cadenza VG,OBSERVED_BUNDLE,,false,6,17,0,FITMENT_READY
kia,Kia,cadenza-yg,Cadenza YG,Cadenza YG,OBSERVED_BUNDLE,,false,6,4,33,FITMENT_READY
kia,Kia,carens-fj,Carens FJ,Carens FJ,OBSERVED_BUNDLE,,false,6,16,104,FITMENT_READY
kia,Kia,carens-fj-facelift,Carens FJ Facelift,Carens FJ,OBSERVED_BUNDLE,,false,6,20,120,FITMENT_READY
kia,Kia,carens-ky,Carens KY,Carens KY,OBSERVED_BUNDLE,,false,6,19,0,FITMENT_READY
kia,Kia,carens-rp,Carens RP,Carens RP,OBSERVED_BUNDLE,,false,6,6,0,FITMENT_READY
kia,Kia,carens-un,Carens UN,Carens UN,OBSERVED_BUNDLE,,false,6,6,29,FITMENT_READY
kia,Kia,carnival-ka4,Carnival KA4,Carnival,OBSERVED_BUNDLE,,false,6,22,40,FITMENT_READY
kia,Kia,carnival-kv-ii,Carnival KV-II,Carnival KV-II,OBSERVED_BUNDLE,,false,6,25,100,FITMENT_READY
kia,Kia,carnival-vq,Carnival VQ,Carnival VQ,OBSERVED_BUNDLE,,false,6,17,0,FITMENT_READY
kia,Kia,carnival-yp,Carnival YP,Carnival YP,OBSERVED_BUNDLE,,false,6,25,20,FITMENT_READY
kia,Kia,ceed-ed,Ceed ED,Ceed ED,OBSERVED_BUNDLE,,false,6,42,119,FITMENT_READY
kia,Kia,ceed-jd,Ceed JD,Ceed JD,OBSERVED_BUNDLE,,false,6,15,0,FITMENT_READY
kia,Kia,cerato-bd,Cerato BD,Cerato BD,OBSERVED_BUNDLE,,false,6,59,13,FITMENT_READY
kia,Kia,cerato-ld,Cerato LD,Cerato LD,OBSERVED_BUNDLE,,false,6,28,100,FITMENT_READY
kia,Kia,cerato-td,Cerato TD,Cerato TD,OBSERVED_BUNDLE,,false,6,27,0,FITMENT_READY
kia,Kia,cerato-yd,Cerato YD,Cerato YD,OBSERVED_BUNDLE,,false,6,19,100,FITMENT_READY
kia,Kia,ev3-sv,EV3 SV,EV3 SV,OBSERVED_BUNDLE,,false,6,34,73,FITMENT_READY
kia,Kia,ev6-cv,EV6 CV,EV6 CV,OBSERVED_BUNDLE,,false,6,67,273,FITMENT_READY
kia,Kia,ev9-av,EV9 AV,EV9 AV,OBSERVED_BUNDLE,,false,6,27,160,FITMENT_READY
kia,Kia,ev9-mv,EV9 MV,EV9 MV,OBSERVED_BUNDLE,,false,6,40,0,FITMENT_READY
kia,Kia,joice,Joice,Joice,OBSERVED_BUNDLE,,false,6,119,0,FITMENT_READY
kia,Kia,k3-bl7,K3 BL7,K3,OBSERVED_BUNDLE,,false,6,56,0,FITMENT_READY
kia,Kia,k4-cl4,K4 CL4,K4,OBSERVED_BUNDLE,,false,6,41,0,FITMENT_READY
kia,Kia,k5-dl3,K5 DL3,K5,OBSERVED_BUNDLE,,false,6,85,104,FITMENT_READY
kia,Kia,k8-gl3,K8 GL3,K8,OBSERVED_BUNDLE,,false,6,100,0,FITMENT_READY
kia,Kia,k900-kh,K900 KH,K900 KH,OBSERVED_BUNDLE,,false,6,88,20,FITMENT_READY
kia,Kia,mohave,Mohave,Mohave,OBSERVED_BUNDLE,,false,6,90,465,FITMENT_READY
kia,Kia,mohave-1st-facelift,Mohave 1st Facelift,Mohave,OBSERVED_BUNDLE,,false,6,64,129,FITMENT_READY
kia,Kia,morning-ja,Morning JA,Morning JA,OBSERVED_BUNDLE,,false,6,95,316,FITMENT_READY
kia,Kia,morning-ta,Morning TA,Morning TA,OBSERVED_BUNDLE,,false,6,92,353,FITMENT_READY
kia,Kia,niro-de,Niro DE,Niro DE,OBSERVED_BUNDLE,,false,6,100,256,FITMENT_READY
kia,Kia,niro-sg2,Niro SG2,Niro,OBSERVED_BUNDLE,,false,6,84,20,FITMENT_READY
kia,Kia,opirus,Opirus,Opirus,OBSERVED_BUNDLE,,false,6,91,0,FITMENT_READY
kia,Kia,optima-dl3,Optima DL3,Optima,OBSERVED_BUNDLE,,false,6,111,0,FITMENT_READY
kia,Kia,optima-jf,Optima JF,Optima JF,OBSERVED_BUNDLE,,false,6,74,0,FITMENT_READY
kia,Kia,optima-mg,Optima MG,Optima MG,OBSERVED_BUNDLE,,false,6,111,390,FITMENT_READY
kia,Kia,optima-ms,Optima MS,Optima MS,OBSERVED_BUNDLE,,false,6,95,0,FITMENT_READY
kia,Kia,optima-tf,Optima TF,Optima TF,OBSERVED_BUNDLE,,false,6,81,200,FITMENT_READY
kia,Kia,pamax,Pamax,Pamax,OBSERVED_BUNDLE,,false,6,81,0,FITMENT_READY
kia,Kia,picanto-ja,Picanto JA,Picanto JA,OBSERVED_BUNDLE,,false,6,45,0,FITMENT_READY
kia,Kia,picanto-sa,Picanto SA,Picanto SA,OBSERVED_BUNDLE,,false,6,99,0,FITMENT_READY
kia,Kia,pregio,Pregio,Pregio,OBSERVED_BUNDLE,,false,6,115,568,FITMENT_READY
kia,Kia,pride,Pride,Pride,OBSERVED_BUNDLE,,false,6,99,0,FITMENT_READY
kia,Kia,quoris-kh,Quoris KH,Quoris KH,OBSERVED_BUNDLE,,false,6,113,100,FITMENT_READY
kia,Kia,rio-dc,Rio DC,Rio DC,OBSERVED_BUNDLE,,false,6,101,319,FITMENT_READY
kia,Kia,rio-jb,Rio JB,Rio JB,OBSERVED_BUNDLE,,false,6,114,60,FITMENT_READY
kia,Kia,rio-ub-qb,Rio UB/QB,Rio,OBSERVED_BUNDLE,,false,6,85,0,FITMENT_READY
kia,Kia,rio-yb-sc-fb-uc,Rio YB/SC/FB/UC,Rio,OBSERVED_BUNDLE,,false,6,86,220,FITMENT_READY
kia,Kia,rondo-rp,Rondo RP,Rondo RP,OBSERVED_BUNDLE,,false,6,97,0,FITMENT_READY
kia,Kia,rondo-un,Rondo UN,Rondo UN,OBSERVED_BUNDLE,,false,6,78,493,FITMENT_READY
kia,Kia,sedona-yp,Sedona YP,Sedona YP,OBSERVED_BUNDLE,,false,6,92,133,FITMENT_READY
kia,Kia,seltos-sp2,Seltos SP2,Seltos,OBSERVED_BUNDLE,,false,6,103,0,FITMENT_READY
kia,Kia,seltos-sp2-facelift,Seltos SP2 Facelift,Seltos,OBSERVED_BUNDLE,,false,6,119,20,FITMENT_READY
kia,Kia,sephia-1st-generation,Sephia 1st Generation,Sephia,OBSERVED_BUNDLE,,false,6,101,20,FITMENT_READY
kia,Kia,shuma,Shuma,Shuma,OBSERVED_BUNDLE,,false,6,99,0,FITMENT_READY
kia,Kia,soluto,Soluto,Soluto,OBSERVED_BUNDLE,,false,6,87,0,FITMENT_READY
kia,Kia,sonet-qy,Sonet QY,Sonet QY,OBSERVED_BUNDLE,,false,6,85,0,FITMENT_READY
kia,Kia,sorento-bl,Sorento BL,Sorento BL,OBSERVED_BUNDLE,,false,6,118,20,FITMENT_READY
kia,Kia,sorento-mq4,Sorento MQ4,Sorento,OBSERVED_BUNDLE,,false,6,105,0,FITMENT_READY
kia,Kia,sorento-um,Sorento UM,Sorento UM,OBSERVED_BUNDLE,,false,6,97,0,FITMENT_READY
kia,Kia,sorento-xm,Sorento XM,Sorento XM,OBSERVED_BUNDLE,,false,6,120,240,FITMENT_READY
kia,Kia,soul-am,Soul AM,Soul AM,OBSERVED_BUNDLE,,false,6,88,323,FITMENT_READY
kia,Kia,soul-ps,Soul PS,Soul PS,OBSERVED_BUNDLE,,false,6,60,0,FITMENT_READY
kia,Kia,soul-sk3,Soul SK3,Soul,OBSERVED_BUNDLE,,false,6,119,0,FITMENT_READY
kia,Kia,spectra-1st-generation,Spectra 1st Generation,Spectra,OBSERVED_BUNDLE,,false,6,62,0,FITMENT_READY
kia,Kia,sportage-je-km,Sportage JE/KM,Sportage,OBSERVED_BUNDLE,,false,6,101,0,FITMENT_READY
kia,Kia,sportage-nq5,Sportage NQ5,Sportage,OBSERVED_BUNDLE,,false,6,87,0,FITMENT_READY
kia,Kia,sportage-ql,Sportage QL,Sportage QL,OBSERVED_BUNDLE,,false,6,84,0,FITMENT_READY
kia,Kia,sportage-sl,Sportage SL,Sportage SL,OBSERVED_BUNDLE,,false,6,64,0,FITMENT_READY
kia,Kia,stinger,Stinger,Stinger,OBSERVED_BUNDLE,,false,6,116,0,FITMENT_READY
kia,Kia,stinger-facelift,Stinger Facelift,Stinger,OBSERVED_BUNDLE,,false,6,121,0,FITMENT_READY
kia,Kia,stonic-yb,Stonic YB,Stonic YB,OBSERVED_BUNDLE,,false,6,60,0,FITMENT_READY
kia,Kia,syros-ay,Syros AY,Syros AY,OBSERVED_BUNDLE,,false,6,95,0,FITMENT_READY
kia,Kia,telluride-on,Telluride ON,Telluride ON,OBSERVED_BUNDLE,,false,6,57,0,FITMENT_READY
lexus,Lexus,ct-a10,CT A10,CT,OBSERVED_BUNDLE,,false,6,4,0,FITMENT_READY
lexus,Lexus,es-xv60,ES XV60,ES,OBSERVED_BUNDLE,,false,6,18,100,FITMENT_READY
lexus,Lexus,es-xz10,ES XZ10,ES,OBSERVED_BUNDLE,,false,6,14,40,FITMENT_READY
lexus,Lexus,gs-l10,GS L10,GS,OBSERVED_BUNDLE,,false,6,42,0,FITMENT_READY
lexus,Lexus,gs-s140,GS S140,GS,OBSERVED_BUNDLE,,false,6,35,0,FITMENT_READY
lexus,Lexus,gs-s160,GS S160,GS,OBSERVED_BUNDLE,,false,6,30,116,FITMENT_READY
lexus,Lexus,gs-s190,GS S190,GS,OBSERVED_BUNDLE,,false,6,33,20,FITMENT_READY
lexus,Lexus,gx-j150,GX J150,GX,OBSERVED_BUNDLE,,false,6,47,0,FITMENT_READY
lexus,Lexus,gx-j180,GX J180,GX,OBSERVED_BUNDLE,,false,6,31,38,FITMENT_READY
lexus,Lexus,is-xe10,IS XE10,IS,OBSERVED_BUNDLE,,false,6,102,94,FITMENT_READY
lexus,Lexus,is-xe20,IS XE20,IS,OBSERVED_BUNDLE,,false,6,73,20,FITMENT_READY
lexus,Lexus,is-xe30,IS XE30,IS,OBSERVED_BUNDLE,,false,6,26,0,FITMENT_READY
lexus,Lexus,lbx-ay10,LBX AY10,LBX,OBSERVED_BUNDLE,,false,6,75,251,FITMENT_READY
lexus,Lexus,lc-z100,LC Z100,LC,OBSERVED_BUNDLE,,false,6,87,214,FITMENT_READY
lexus,Lexus,lfa-fa10,LFA FA10,LFA,OBSERVED_BUNDLE,,false,6,65,292,FITMENT_READY
lexus,Lexus,lm-aw10,LM AW10,LM,OBSERVED_BUNDLE,,false,6,80,40,FITMENT_READY
lexus,Lexus,ls-xf10,LS XF10,LS,OBSERVED_BUNDLE,,false,6,106,0,FITMENT_READY
lexus,Lexus,ls-xf20,LS XF20,LS,OBSERVED_BUNDLE,,false,6,85,191,FITMENT_READY
lexus,Lexus,ls-xf30,LS XF30,LS,OBSERVED_BUNDLE,,false,6,79,25,FITMENT_READY
lexus,Lexus,ls-xf40,LS XF40,LS,OBSERVED_BUNDLE,,false,6,97,102,FITMENT_READY
lexus,Lexus,ls-xf40-2nd-facelift,LS XF40 2nd Facelift,LS,OBSERVED_BUNDLE,,false,6,79,20,FITMENT_READY
lexus,Lexus,ls-xf50,LS XF50,LS,OBSERVED_BUNDLE,,false,6,98,40,FITMENT_READY
lexus,Lexus,lx-j100,LX J100,LX,OBSERVED_BUNDLE,,false,6,70,65,FITMENT_READY
lexus,Lexus,lx-j200,LX J200,LX,OBSERVED_BUNDLE,,false,6,112,0,FITMENT_READY
lexus,Lexus,lx-j300,LX J300,LX,OBSERVED_BUNDLE,,false,6,102,224,FITMENT_READY
lexus,Lexus,nx-az10,NX AZ10,NX,OBSERVED_BUNDLE,,false,6,98,0,FITMENT_READY
lexus,Lexus,nx-az20,NX AZ20,NX,OBSERVED_BUNDLE,,false,6,112,60,FITMENT_READY
lexus,Lexus,rc-xc10,RC XC10,RC,OBSERVED_BUNDLE,,false,6,93,0,FITMENT_READY
lexus,Lexus,rx-al10,RX AL10,RX,OBSERVED_BUNDLE,,false,6,125,387,FITMENT_READY
lexus,Lexus,rx-al20,RX AL20,RX,OBSERVED_BUNDLE,,false,6,114,20,FITMENT_READY
lexus,Lexus,rx-al30,RX AL30,RX,OBSERVED_BUNDLE,,false,6,112,180,FITMENT_READY
lexus,Lexus,rx-xu10,RX XU10,RX,OBSERVED_BUNDLE,,false,6,117,365,FITMENT_READY
lexus,Lexus,rx-xu30,RX XU30,RX,OBSERVED_BUNDLE,,false,6,111,214,FITMENT_READY
lexus,Lexus,rz-eb10,RZ EB10,RZ,OBSERVED_BUNDLE,,false,6,104,147,FITMENT_READY
lexus,Lexus,sc-z40,SC Z40,SC,OBSERVED_BUNDLE,,false,6,121,474,FITMENT_READY
lexus,Lexus,ux-za10,UX ZA10,UX,OBSERVED_BUNDLE,,false,6,112,40,FITMENT_READY
maybach,Maybach,57-w240,57 W240,57,OBSERVED_BUNDLE,,false,6,4,6,FITMENT_READY
maybach,Maybach,62-v240,62 V240,62,OBSERVED_BUNDLE,,false,6,11,0,FITMENT_READY
mazda,Mazda,121-db,121 DB,121 DB,OBSERVED_BUNDLE,,false,6,4,0,FITMENT_READY
mazda,Mazda,121ece-zq,121JASM/JBSM,121JASM/JBSM,OBSERVED_BUNDLE,,false,6,16,0,FITMENT_READY
mazda,Mazda,2-de,2 DE,2 DE,OBSERVED_BUNDLE,,false,6,19,60,FITMENT_READY
mazda,Mazda,2-dj,2 DJ,2 DJ,OBSERVED_BUNDLE,,false,6,29,20,FITMENT_READY
mazda,Mazda,2-dy,2 DY,2 DY,OBSERVED_BUNDLE,,false,6,22,0,FITMENT_READY
mazda,Mazda,3-bk,3 BK,3 BK,OBSERVED_BUNDLE,,false,6,26,120,FITMENT_READY
mazda,Mazda,3-bl,3 BL,3 BL,OBSERVED_BUNDLE,,false,6,13,40,FITMENT_READY
mazda,Mazda,3-bm,3 BM,3 BM,OBSERVED_BUNDLE,,false,6,12,80,FITMENT_READY
mazda,Mazda,3-bn,3 BN,3 BN,OBSERVED_BUNDLE,,false,6,15,40,FITMENT_READY
mazda,Mazda,323-ba,323 BA,323 BA,OBSERVED_BUNDLE,,false,6,2,20,FITMENT_READY
mazda,Mazda,323-bj,323 BJ,323 BJ,OBSERVED_BUNDLE,,false,6,15,0,FITMENT_READY
mazda,Mazda,5-cr,5 CR,5 CR,OBSERVED_BUNDLE,,false,6,18,0,FITMENT_READY
mazda,Mazda,5-cw,5 CW,5 CW,OBSERVED_BUNDLE,,false,6,15,0,FITMENT_READY
mazda,Mazda,6-gg,6 GG,6 GG,OBSERVED_BUNDLE,,false,6,16,0,FITMENT_READY
mazda,Mazda,6-gh,6 GH,6 GH,OBSERVED_BUNDLE,,false,6,16,73,FITMENT_READY
mazda,Mazda,6-gj,6 GJ,6 GJ,OBSERVED_BUNDLE,,false,6,21,40,FITMENT_READY
mazda,Mazda,6-gl,6 GL,6 GL,OBSERVED_BUNDLE,,false,6,27,32,FITMENT_READY
mazda,Mazda,626-gd,626 GD,626 GD,OBSERVED_BUNDLE,,false,6,46,330,FITMENT_READY
mazda,Mazda,626-ge,626 GE,626 GE,OBSERVED_BUNDLE,,false,6,30,0,FITMENT_READY
mazda,Mazda,626-gf,626 GF,626 GF,OBSERVED_BUNDLE,,false,6,69,27,FITMENT_READY
mazda,Mazda,626wagon-gv,626 Wagon GV,626 Wagon GV,OBSERVED_BUNDLE,,false,6,27,0,FITMENT_READY
mazda,Mazda,626wagon-gw,626 Wagon GW,626 Wagon GW,OBSERVED_BUNDLE,,false,6,21,0,FITMENT_READY
mazda,Mazda,929-hc,929 HC,929 HC,OBSERVED_BUNDLE,,false,6,49,159,FITMENT_READY
mazda,Mazda,b-series-uf,B1600/1800/2000/2200/2500/2600/2900 UF,B1600/1800/2000/2200/2500/2600/2900 UF,OBSERVED_BUNDLE,,false,6,48,353,FITMENT_READY
mazda,Mazda,b-series-un,B2200/2500/2600/2900 UN,B2200/2500/2600/2900 UN,OBSERVED_BUNDLE,,false,6,35,20,FITMENT_READY
mazda,Mazda,bt-50-un,BT-50 UN,BT-50 UN,OBSERVED_BUNDLE,,false,6,45,0,FITMENT_READY
mazda,Mazda,bt-50-up,BT-50 UP,BT-50 UP,OBSERVED_BUNDLE,,false,6,60,0,FITMENT_READY
mazda,Mazda,cx-3-dk,CX-3 DK,CX-3 DK,OBSERVED_BUNDLE,,false,6,29,20,FITMENT_READY
mazda,Mazda,cx-5-ke,CX-5 KE,CX-5 KE,OBSERVED_BUNDLE,,false,6,49,40,FITMENT_READY
mazda,Mazda,cx-5-kf,CX-5 KF,CX-5 KF,OBSERVED_BUNDLE,,false,6,76,20,FITMENT_READY
mazda,Mazda,cx-7-er,CX-7 ER,CX-7 ER,OBSERVED_BUNDLE,,false,6,29,0,FITMENT_READY
mazda,Mazda,cx-9-tb,CX-9 TB,CX-9 TB,OBSERVED_BUNDLE,,false,6,54,280,FITMENT_READY
mazda,Mazda,cx-9-tc,CX-9 TC,CX-9 TC,OBSERVED_BUNDLE,,false,6,38,32,FITMENT_READY
mazda,Mazda,demio-dw,Demio DW,Demio DW,OBSERVED_BUNDLE,,false,6,13,0,FITMENT_READY
mazda,Mazda,e-series-sd-sr,E2000/2200 SD/SR,E2000/2200,OBSERVED_BUNDLE,,false,6,34,198,FITMENT_READY
mazda,Mazda,mpv-lv,MPV LV,MPV LV,OBSERVED_BUNDLE,,false,6,77,0,FITMENT_READY
mazda,Mazda,mpv-lw,MPV LW,MPV LW,OBSERVED_BUNDLE,,false,6,31,0,FITMENT_READY
mazda,Mazda,mx-3-ec,MX-3 EC,MX-3 EC,OBSERVED_BUNDLE,,false,6,28,0,FITMENT_READY
mazda,Mazda,mx-5-na,MX-5 NA,MX-5 NA,OBSERVED_BUNDLE,,false,6,25,0,FITMENT_READY
mazda,Mazda,mx-5-nb,MX-5 NB,MX-5 NB,OBSERVED_BUNDLE,,false,6,44,0,FITMENT_READY
mazda,Mazda,mx-5-nc,MX-5 NC,MX-5 NC,OBSERVED_BUNDLE,,false,6,23,80,FITMENT_READY
mazda,Mazda,mx-5-nd,MX-5 ND,MX-5 ND,OBSERVED_BUNDLE,,false,6,37,67,FITMENT_READY
mazda,Mazda,mx-6-ge,MX-6 GE,MX-6 GE,OBSERVED_BUNDLE,,false,6,61,20,FITMENT_READY
mazda,Mazda,premacy-cp,Premacy CP,Premacy CP,OBSERVED_BUNDLE,,false,6,18,108,FITMENT_READY
mazda,Mazda,rx-7-fd,RX-7 FD,RX-7 FD,OBSERVED_BUNDLE,,false,6,31,20,FITMENT_READY
mazda,Mazda,rx-8-fe,RX-8 FE,RX-8 FE,OBSERVED_BUNDLE,,false,6,31,0,FITMENT_READY
mazda,Mazda,rx-8-se,RX-8 SE,RX-8 SE,OBSERVED_BUNDLE,,false,6,27,88,FITMENT_READY
mazda,Mazda,tribute-ep,Tribute EP,Tribute EP,OBSERVED_BUNDLE,,false,6,21,0,FITMENT_READY
mazda,Mazda,xedos-6-ca,Xedos 6 CA,Xedos 6 CA,OBSERVED_BUNDLE,,false,6,10,40,FITMENT_READY
mazda,Mazda,xedos-9-ta,Xedos 9 TA,Xedos 9 TA,OBSERVED_BUNDLE,,false,6,34,40,FITMENT_READY
mercedes,Mercedes,170-w136,170 W136,170,OBSERVED_BUNDLE,,false,6,23,0,FITMENT_READY
mercedes,Mercedes,170-w191,170 W191,170,OBSERVED_BUNDLE,,false,6,11,80,FITMENT_READY
mercedes,Mercedes,190-w121,190 W121,190,OBSERVED_BUNDLE,,false,6,10,28,FITMENT_READY
mercedes,Mercedes,190-w201,190 W201,190,OBSERVED_BUNDLE,,false,6,25,226,FITMENT_READY
mercedes,Mercedes,190-w201-facelift,190 W201 Facelift,190,OBSERVED_BUNDLE,,false,6,19,20,FITMENT_READY
mercedes,Mercedes,219-w105,219 W105,219,OBSERVED_BUNDLE,,false,6,44,40,FITMENT_READY
mercedes,Mercedes,220-w128,220 W128,220,OBSERVED_BUNDLE,,false,6,41,346,FITMENT_READY
mercedes,Mercedes,220-w180,220 W180,220,OBSERVED_BUNDLE,,false,6,53,222,FITMENT_READY
mercedes,Mercedes,220-w187,220 W187,220,OBSERVED_BUNDLE,,false,6,41,114,FITMENT_READY
mercedes,Mercedes,280-w108-w109,280 W108/W109,280,OBSERVED_BUNDLE,,false,6,39,40,FITMENT_READY
mercedes,Mercedes,300-w112,300 W112,300,OBSERVED_BUNDLE,,false,6,52,0,FITMENT_READY
mercedes,Mercedes,300-w186,300 W186,300,OBSERVED_BUNDLE,,false,6,44,0,FITMENT_READY
mercedes,Mercedes,300-w188,300 W188,300,OBSERVED_BUNDLE,,false,6,35,0,FITMENT_READY
mercedes,Mercedes,300-w189,300 W189,300,OBSERVED_BUNDLE,,false,6,33,0,FITMENT_READY
mercedes,Mercedes,a-class-w168,A-Class W168,A-Class,OBSERVED_BUNDLE,,false,6,45,0,FITMENT_READY
mercedes,Mercedes,a-class-w168-facelift,A-Class W168 Facelift,A-Class,OBSERVED_BUNDLE,,false,6,56,330,FITMENT_READY
mercedes,Mercedes,a-class-w169,A-Class W169,A-Class,OBSERVED_BUNDLE,,false,6,44,120,FITMENT_READY
mercedes,Mercedes,a-class-w169-facelift,A-Class W169 Facelift,A-Class,OBSERVED_BUNDLE,,false,6,43,20,FITMENT_READY
mercedes,Mercedes,a-class-w176,A-Class W176,A-Class,OBSERVED_BUNDLE,,false,6,41,0,FITMENT_READY
mercedes,Mercedes,a-class-w176-facelift,A-Class W176 Facelift,A-Class,OBSERVED_BUNDLE,,false,6,21,0,FITMENT_READY
mercedes,Mercedes,amg-gt-c190-r190,AMG GT C190/R190,AMG GT,OBSERVED_BUNDLE,,false,6,17,0,FITMENT_READY
mercedes,Mercedes,b-class-vw246-facelift,B-Class vW246 Facelift,B-Class,OBSERVED_BUNDLE,,false,6,88,242,FITMENT_READY
mercedes,Mercedes,b-class-w245,B-Class W245,B-Class,OBSERVED_BUNDLE,,false,6,88,180,FITMENT_READY
mercedes,Mercedes,b-class-w245-facelift,B-Class W245 Facelift,B-Class,OBSERVED_BUNDLE,,false,6,91,171,FITMENT_READY
mercedes,Mercedes,b-class-w246,B-Class W246,B-Class,OBSERVED_BUNDLE,,false,6,85,16,FITMENT_READY
mercedes,Mercedes,c-class-w202,C-Class W202,C-Class,OBSERVED_BUNDLE,,false,6,84,354,FITMENT_READY
mercedes,Mercedes,c-class-w202-facelift,C-Class W202 Facelift,C-Class,OBSERVED_BUNDLE,,false,6,100,238,FITMENT_READY
mercedes,Mercedes,c-class-w203,C-Class W203,C-Class,OBSERVED_BUNDLE,,false,6,79,142,FITMENT_READY
mercedes,Mercedes,c-class-w203-facelift,C-Class W203 Facelift,C-Class,OBSERVED_BUNDLE,,false,6,68,108,FITMENT_READY
mercedes,Mercedes,c-class-w204,C-Class W204,C-Class,OBSERVED_BUNDLE,,false,6,88,83,FITMENT_READY
mercedes,Mercedes,c-class-w204-facelift,C-Class W204 Facelift,C-Class,OBSERVED_BUNDLE,,false,6,117,140,FITMENT_READY
mercedes,Mercedes,c-class-w205,C-Class W205,C-Class,OBSERVED_BUNDLE,,false,6,95,84,FITMENT_READY
mercedes,Mercedes,cl-class-c215,CL-Class C215,CL-Class,OBSERVED_BUNDLE,,false,6,103,0,FITMENT_READY
mercedes,Mercedes,cl-class-c215-facelift,CL-Class C215 Facelift,CL-Class,OBSERVED_BUNDLE,,false,6,94,72,FITMENT_READY
mercedes,Mercedes,cl-class-c216,CL-Class C216,CL-Class,OBSERVED_BUNDLE,,false,6,127,20,FITMENT_READY
mercedes,Mercedes,cl-class-c216-facelift,CL-Class C216 Facelift,CL-Class,OBSERVED_BUNDLE,,false,6,125,536,FITMENT_READY
mercedes,Mercedes,cla-c117-w117,CLA C117/W117,CLA,OBSERVED_BUNDLE,,false,6,98,40,FITMENT_READY
mercedes,Mercedes,cla-c117-w117-facelift,CLA C117/W117 Facelift,CLA,OBSERVED_BUNDLE,,false,6,84,0,FITMENT_READY
mercedes,Mercedes,clc-class-w203,CLC-Class W203,CLC-Class,OBSERVED_BUNDLE,,false,6,115,105,FITMENT_READY
mercedes,Mercedes,clk-class-w208,CLK-Class W208,CLK-Class,OBSERVED_BUNDLE,,false,6,102,0,FITMENT_READY
mercedes,Mercedes,clk-class-w208-facelift,CLK-Class W208 Facelift,CLK-Class,OBSERVED_BUNDLE,,false,6,123,0,FITMENT_READY
mercedes,Mercedes,clk-class-w209,CLK-Class W209,CLK-Class,OBSERVED_BUNDLE,,false,6,124,129,FITMENT_READY
mercedes,Mercedes,cls-c218,CLS C218,CLS,OBSERVED_BUNDLE,,false,6,108,39,FITMENT_READY
mercedes,Mercedes,cls-c218-facelift,CLS C218 Facelift,CLS,OBSERVED_BUNDLE,,false,6,123,100,FITMENT_READY
mercedes,Mercedes,cls-c219,CLS C219,CLS,OBSERVED_BUNDLE,,false,6,59,33,FITMENT_READY
mercedes,Mercedes,cls-c219-facelift,CLS C219 Facelift,CLS,OBSERVED_BUNDLE,,false,6,128,100,FITMENT_READY
mercedes,Mercedes,cls-c257,CLS C257,CLS,OBSERVED_BUNDLE,,false,6,126,390,FITMENT_READY
mercedes,Mercedes,e-class-c207-facelift,E-Class C207 Facelift,E-Class,OBSERVED_BUNDLE,,false,6,135,303,FITMENT_READY
mercedes,Mercedes,e-class-c207-a207,E-Class C207/A207,E-Class,OBSERVED_BUNDLE,,false,6,131,44,FITMENT_READY
mercedes,Mercedes,e-class-w123,E-Class W123,E-Class,OBSERVED_BUNDLE,,false,6,106,100,FITMENT_READY
mercedes,Mercedes,e-class-w124,E-Class W124,E-Class,OBSERVED_BUNDLE,,false,6,127,0,FITMENT_READY
mercedes,Mercedes,e-class-w210,E-Class W210,E-Class,OBSERVED_BUNDLE,,false,6,126,359,FITMENT_READY
mercedes,Mercedes,e-class-w210-facelift,E-Class W210 Facelift,E-Class,OBSERVED_BUNDLE,,false,6,123,255,FITMENT_READY
mercedes,Mercedes,e-class-w211,E-Class W211,E-Class,OBSERVED_BUNDLE,,false,6,121,16,FITMENT_READY
mercedes,Mercedes,e-class-w211-facelift,E-Class W211 Facelift,E-Class,OBSERVED_BUNDLE,,false,6,121,20,FITMENT_READY
mercedes,Mercedes,e-class-w212,E-Class W212,E-Class,OBSERVED_BUNDLE,,false,6,129,0,FITMENT_READY
mercedes,Mercedes,e-class-w212-facelift,E-Class W212 Facelift,E-Class,OBSERVED_BUNDLE,,false,6,108,160,FITMENT_READY
mercedes,Mercedes,e-class-w213,E-Class W213,E-Class,OBSERVED_BUNDLE,,false,6,123,0,FITMENT_READY
mercedes,Mercedes,e-classv-c238,E-Classv C238,E-Classv,OBSERVED_BUNDLE,,false,6,131,197,FITMENT_READY
mercedes,Mercedes,g-class-w460,G-Class W460,G-Class,OBSERVED_BUNDLE,,false,6,131,40,FITMENT_READY
mercedes,Mercedes,g-class-w463,G-Class W463,G-Class,OBSERVED_BUNDLE,,false,6,127,0,FITMENT_READY
mercedes,Mercedes,g-class-w463-1st-facelift,G-Class W463 1st Facelift,G-Class,OBSERVED_BUNDLE,,false,6,130,20,FITMENT_READY
mercedes,Mercedes,g-class-w463-2nd-facelift,G-Class W463 2nd Facelift,G-Class,OBSERVED_BUNDLE,,false,6,129,93,FITMENT_READY
mercedes,Mercedes,g-class-w463-3rd-facelift,G-Class W463 3rd Facelift,G-Class,OBSERVED_BUNDLE,,false,6,113,100,FITMENT_READY
mercedes,Mercedes,g-class-w463-4th-facelift,G-Class W463 4th Facelift,G-Class,OBSERVED_BUNDLE,,false,6,123,40,FITMENT_READY
mercedes,Mercedes,gl-class-x164,GL-Class X164,GL-Class,OBSERVED_BUNDLE,,false,6,127,25,FITMENT_READY
mercedes,Mercedes,gl-class-x164-facelift,GL-Class X164 Facelift,GL-Class,OBSERVED_BUNDLE,,false,6,110,252,FITMENT_READY
mercedes,Mercedes,gl-class-x166,GL-Class X166,GL-Class,OBSERVED_BUNDLE,,false,6,110,147,FITMENT_READY
mercedes,Mercedes,gla-x156,GLA X156,GLA,OBSERVED_BUNDLE,,false,6,121,20,FITMENT_READY
mercedes,Mercedes,gla-x156-facelift,GLA X156 Facelift,GLA,OBSERVED_BUNDLE,,false,6,109,204,FITMENT_READY
mercedes,Mercedes,glc-class-x253-c253,GLC-Class X253/C253,GLC-Class,OBSERVED_BUNDLE,,false,6,130,132,FITMENT_READY
mercedes,Mercedes,gle-w166-292,GLE W166/С292,GLE W166/С292,OBSERVED_BUNDLE,,false,6,128,170,FITMENT_READY
mercedes,Mercedes,glk-class-x204,GLK-Class X204,GLK-Class,OBSERVED_BUNDLE,,false,6,135,425,FITMENT_READY
mercedes,Mercedes,glk-class-x204-facelift,GLK-Class X204 Facelift,GLK-Class,OBSERVED_BUNDLE,,false,6,110,0,FITMENT_READY
mercedes,Mercedes,gls-class-x166,GLS-Class X166,GLS-Class,OBSERVED_BUNDLE,,false,6,117,100,FITMENT_READY
mercedes,Mercedes,m-class-w163,M-Class W163,M-Class,OBSERVED_BUNDLE,,false,6,130,80,FITMENT_READY
mercedes,Mercedes,m-class-w163-facelift,M-Class W163 Facelift,M-Class,OBSERVED_BUNDLE,,false,6,125,218,FITMENT_READY
mercedes,Mercedes,m-class-w164,M-Class W164,M-Class,OBSERVED_BUNDLE,,false,6,118,481,FITMENT_READY
mercedes,Mercedes,m-class-w164-facelift,M-Class W164 Facelift,M-Class,OBSERVED_BUNDLE,,false,6,127,0,FITMENT_READY
mercedes,Mercedes,m-class-w166,M-Class W166,M-Class,OBSERVED_BUNDLE,,false,6,114,0,FITMENT_READY
mercedes,Mercedes,r-class-w251-v251,R-Class W251/V251,R-Class,OBSERVED_BUNDLE,,false,6,113,0,FITMENT_READY
mercedes,Mercedes,r-class-w251-v251-1st-facelift,R-Class W251/V251 1st Facelift,R-Class,OBSERVED_BUNDLE,,false,6,97,0,FITMENT_READY
mercedes,Mercedes,r-class-w251-v251-2nd-facelift,R-Class W251/V251 2nd Facelift,R-Class,OBSERVED_BUNDLE,,false,6,77,0,FITMENT_READY
mercedes,Mercedes,s-class-c217,S-Class C217,S-Class,OBSERVED_BUNDLE,,false,6,77,0,FITMENT_READY
mercedes,Mercedes,s-class-w116,S-class W116,S-class,OBSERVED_BUNDLE,,false,6,124,0,FITMENT_READY
mercedes,Mercedes,s-class-w126,S-class W126,S-class,OBSERVED_BUNDLE,,false,6,121,0,FITMENT_READY
mercedes,Mercedes,s-class-w140,S-Class W140,S-Class,OBSERVED_BUNDLE,,false,6,121,0,FITMENT_READY
mercedes,Mercedes,s-class-w140-facelift,S-Class W140 Facelift,S-Class,OBSERVED_BUNDLE,,false,6,115,0,FITMENT_READY
mercedes,Mercedes,s-class-w220,S-Class W220,S-Class,OBSERVED_BUNDLE,,false,6,119,0,FITMENT_READY
mercedes,Mercedes,s-class-w220-facelift,S-Class W220 Facelift,S-Class,OBSERVED_BUNDLE,,false,6,130,0,FITMENT_READY
mercedes,Mercedes,s-class-w221,S-Class W221,S-Class,OBSERVED_BUNDLE,,false,6,130,0,FITMENT_READY
mercedes,Mercedes,s-class-w221-facelift,S-Class W221 Facelift,S-Class,OBSERVED_BUNDLE,,false,6,114,0,FITMENT_READY
mercedes,Mercedes,s-class-w222,S-Class W222,S-Class,OBSERVED_BUNDLE,,false,6,119,0,FITMENT_READY
mercedes,Mercedes,sl-class-r107,SL-Class R107,SL-Class,OBSERVED_BUNDLE,,false,6,129,0,FITMENT_READY
mercedes,Mercedes,sl-class-r129,SL-Class R129,SL-Class,OBSERVED_BUNDLE,,false,6,109,0,FITMENT_READY
mercedes,Mercedes,sl-class-r129-1st-facelift,SL-Class R129 1st Facelift,SL-Class,OBSERVED_BUNDLE,,false,6,119,0,FITMENT_READY
mercedes,Mercedes,sl-class-r129-2st-facelift,SL-Class R129 2st Facelift,SL-Class,OBSERVED_BUNDLE,,false,6,118,0,FITMENT_READY
mercedes,Mercedes,sl-class-r230,SL-Class R230,SL-Class,OBSERVED_BUNDLE,,false,6,134,0,FITMENT_READY
mercedes,Mercedes,sl-class-r230-1st-facelift,SL-Class R230 1st Facelift,SL-Class,OBSERVED_BUNDLE,,false,6,128,0,FITMENT_READY
mercedes,Mercedes,sl-class-r230-2nd-facelift,SL-Class R230 2nd Facelift,SL-Class,OBSERVED_BUNDLE,,false,6,91,0,FITMENT_READY
mercedes,Mercedes,sl-class-r231,SL-Class R231,SL-Class,OBSERVED_BUNDLE,,false,6,113,0,FITMENT_READY
mercedes,Mercedes,sl-class-w113,SL-Class W113,SL-Class,OBSERVED_BUNDLE,,false,6,76,0,FITMENT_READY
mercedes,Mercedes,slc-class-r172,SLC-Class R172,SLC-Class,OBSERVED_BUNDLE,,false,6,110,0,FITMENT_READY
mercedes,Mercedes,slk-class-r170,SLK-Class R170,SLK-Class,OBSERVED_BUNDLE,,false,6,103,0,FITMENT_READY
mercedes,Mercedes,slk-class-r170-facelift,SLK-Class R170 Facelift,SLK-Class,OBSERVED_BUNDLE,,false,6,124,0,FITMENT_READY
mercedes,Mercedes,slk-class-r171,SLK-Class R171,SLK-Class,OBSERVED_BUNDLE,,false,6,88,0,FITMENT_READY
mercedes,Mercedes,slk-class-r171-facelift,SLK-Class R171 Facelift,SLK-Class,OBSERVED_BUNDLE,,false,6,104,0,FITMENT_READY
mercedes,Mercedes,slk-class-vr172,SLK-Class vR172,SLK-Class,OBSERVED_BUNDLE,,false,6,130,0,FITMENT_READY
mercedes,Mercedes,slr-mclaren-c199-r199-z199,SLR McLaren C199/R199/Z199,SLR McLaren,OBSERVED_BUNDLE,,false,6,130,0,FITMENT_READY
mercedes,Mercedes,sls-amg-c197-r197,SLS AMG C197/R197,SLS AMG,OBSERVED_BUNDLE,,false,6,113,0,FITMENT_READY
mercedes,Mercedes,v-class-w447,V-Class W447,V-Class,OBSERVED_BUNDLE,,false,6,138,0,FITMENT_READY
mercedes,Mercedes,v-class-w638,V-Class W638,V-Class,OBSERVED_BUNDLE,,false,6,126,0,FITMENT_READY
mercedes,Mercedes,v-class-w639,V-Class W639,V-Class,OBSERVED_BUNDLE,,false,6,136,0,FITMENT_READY
mercedes,Mercedes,v-class-w639-facelift,V-Class W639 Facelift,V-Class,OBSERVED_BUNDLE,,false,6,124,0,FITMENT_READY
mercedes,Mercedes,vaneo-w414,Vaneo W414,Vaneo,OBSERVED_BUNDLE,,false,6,140,0,FITMENT_READY
mg,Mg,mg3,3 II,3,OBSERVED_BUNDLE,,false,6,24,28,FITMENT_READY
mg,Mg,mg3-1st-facelift,3 II 1st Facelift,3,OBSERVED_BUNDLE,,false,6,25,80,FITMENT_READY
mg,Mg,mg3-2nd-facelift,3 II 2nd Facelift,3,OBSERVED_BUNDLE,,false,6,31,49,FITMENT_READY
mg,Mg,mg4,4,4,OBSERVED_BUNDLE,,false,6,30,40,FITMENT_READY
mg,Mg,mg5-ap12,5 (AP12),5 (AP12),OBSERVED_BUNDLE,,false,6,27,20,FITMENT_READY
mg,Mg,mg5-ap12-my13,5 (AP12),5 (AP12),OBSERVED_BUNDLE,,false,6,25,60,FITMENT_READY
mg,Mg,mg5-ap32,5 (AP32),5 (AP32),OBSERVED_BUNDLE,,false,6,28,60,FITMENT_READY
mg,Mg,mg5-ap32-facelift,5 (AP32) Facelift,5 (AP32),OBSERVED_BUNDLE,,false,6,28,60,FITMENT_READY
mg,Mg,mg6-l,6 I,6,OBSERVED_BUNDLE,,false,6,23,73,FITMENT_READY
mg,Mg,mg6-l-facelift,6 I Facelift,6,OBSERVED_BUNDLE,,false,6,22,20,FITMENT_READY
mg,Mg,mg6-ll,6 II,6,OBSERVED_BUNDLE,,false,6,21,33,FITMENT_READY
mg,Mg,mg6-ll-facelift,6 II Facelift,6,OBSERVED_BUNDLE,,false,6,27,52,FITMENT_READY
mg,Mg,mg7-II,7 II,7,OBSERVED_BUNDLE,,false,6,20,60,FITMENT_READY
mg,Mg,mg-cyberster,Cyberster,Cyberster,OBSERVED_BUNDLE,,false,6,24,19,FITMENT_READY
mg,Mg,mg-ehs,eHS,eHS,OBSERVED_BUNDLE,,false,6,24,40,FITMENT_READY
mg,Mg,emg6-x-power,eMG 6 X-Power,eMG 6 X-Power,OBSERVED_BUNDLE,,false,6,15,53,FITMENT_READY
mg,Mg,emg6-ll,eMG6 II,eMG6,OBSERVED_BUNDLE,,false,6,25,80,FITMENT_READY
mg,Mg,emg6-ll-facelift,eMG6 II Facelift,eMG6,OBSERVED_BUNDLE,,false,6,20,58,FITMENT_READY
mg,Mg,mg-ezs,EZS,EZS,OBSERVED_BUNDLE,,false,6,20,40,FITMENT_READY
mg,Mg,mg-gs,GS,GS,OBSERVED_BUNDLE,,false,6,20,80,FITMENT_READY
mg,Mg,mg-gs-facelift,GS Facelift,GS,OBSERVED_BUNDLE,,false,6,16,6,FITMENT_READY
mg,Mg,mg-gt,GT,GT,OBSERVED_BUNDLE,,false,6,25,0,FITMENT_READY
mg,Mg,mg-hs,HS,HS,OBSERVED_BUNDLE,,false,6,19,40,FITMENT_READY
mg,Mg,mg-zs,ZS,ZS,OBSERVED_BUNDLE,,false,6,21,60,FITMENT_READY
mg,Mg,mg-zs-facelift,ZS Facelift,ZS,OBSERVED_BUNDLE,,false,6,25,94,FITMENT_READY
mini,Mini,aceman-j05,Aceman J05,Aceman,OBSERVED_BUNDLE,,false,6,120,0,FITMENT_READY
mini,Mini,cabrio-f57,Cabrio F57,Cabrio,OBSERVED_BUNDLE,,false,6,120,0,FITMENT_READY
mini,Mini,cabrio-f57-bev,Cabrio F57 BEV,Cabrio,OBSERVED_BUNDLE,,false,6,105,0,FITMENT_READY
mini,Mini,cabrio-f57-lci,Cabrio F57 LCI,Cabrio,OBSERVED_BUNDLE,,false,6,105,0,FITMENT_READY
mini,Mini,cabrio-f67,Cabrio F67,Cabrio,OBSERVED_BUNDLE,,false,6,118,0,FITMENT_READY
mini,Mini,cabrio-r52,Cabrio R52,Cabrio,OBSERVED_BUNDLE,,false,6,118,0,FITMENT_READY
mini,Mini,cabrio-r57,Cabrio R57,Cabrio,OBSERVED_BUNDLE,,false,6,125,0,FITMENT_READY
mini,Mini,cabrio-r57-lci,Cabrio R57 LCI,Cabrio,OBSERVED_BUNDLE,,false,6,127,0,FITMENT_READY
mini,Mini,clubman-f54,Clubman F54,Clubman,OBSERVED_BUNDLE,,false,6,114,0,FITMENT_READY
mini,Mini,clubman-f54-lci,Clubman F54 LCI,Clubman,OBSERVED_BUNDLE,,false,6,114,0,FITMENT_READY
mini,Mini,clubman-r55,Clubman R55,Clubman,OBSERVED_BUNDLE,,false,6,123,0,FITMENT_READY
mini,Mini,clubman-r55-lci,Clubman R55 LCI,Clubman,OBSERVED_BUNDLE,,false,6,111,0,FITMENT_READY
mini,Mini,cooper-f55,Cooper F55,Cooper,OBSERVED_BUNDLE,,false,6,118,0,FITMENT_READY
mini,Mini,cooper-f55-lci,Cooper F55 LCI,Cooper,OBSERVED_BUNDLE,,false,6,116,0,FITMENT_READY
mini,Mini,cooper-f56,Cooper F56,Cooper,OBSERVED_BUNDLE,,false,6,119,0,FITMENT_READY
mini,Mini,cooper-f56-bev,Cooper F56 BEV,Cooper,OBSERVED_BUNDLE,,false,6,115,0,FITMENT_READY
mini,Mini,cooper-f56-bev-lci,Cooper F56 BEV LCI,Cooper,OBSERVED_BUNDLE,,false,6,109,0,FITMENT_READY
mini,Mini,cooper-f56-lci,Cooper F56 LCI,Cooper,OBSERVED_BUNDLE,,false,6,114,0,FITMENT_READY
mini,Mini,cooper-f65,Cooper F65,Cooper,OBSERVED_BUNDLE,,false,6,116,0,FITMENT_READY
mini,Mini,cooper-f66,Cooper F66,Cooper,OBSERVED_BUNDLE,,false,6,115,0,FITMENT_READY
mini,Mini,cooper-j01,Cooper J01,Cooper,OBSERVED_BUNDLE,,false,6,122,0,FITMENT_READY
mini,Mini,cooper-r50,Cooper R50,Cooper,OBSERVED_BUNDLE,,false,6,118,0,FITMENT_READY
mini,Mini,cooper-r53,Cooper R53,Cooper,OBSERVED_BUNDLE,,false,6,119,0,FITMENT_READY
mini,Mini,cooper-r56,Cooper R56,Cooper,OBSERVED_BUNDLE,,false,6,127,0,FITMENT_READY
mini,Mini,cooper-r56-lci,Cooper R56 LCI,Cooper,OBSERVED_BUNDLE,,false,6,100,0,FITMENT_READY
mini,Mini,countryman-f60,Countryman F60,Countryman,OBSERVED_BUNDLE,,false,6,119,0,FITMENT_READY
mini,Mini,countryman-f60-lci,Countryman F60 LCI,Countryman,OBSERVED_BUNDLE,,false,6,119,0,FITMENT_READY
mini,Mini,countryman-r60,Countryman R60,Countryman,OBSERVED_BUNDLE,,false,6,120,0,FITMENT_READY
mini,Mini,countryman-u25,Countryman U25,Countryman,OBSERVED_BUNDLE,,false,6,117,0,FITMENT_READY
mini,Mini,coupe-r58,Coupe R58,Coupe,OBSERVED_BUNDLE,,false,6,126,0,FITMENT_READY
mini,Mini,paceman-r61,Paceman R61,Paceman,OBSERVED_BUNDLE,,false,6,120,0,FITMENT_READY
mini,Mini,roadster-r59,Roadster R59,Roadster,OBSERVED_BUNDLE,,false,6,126,0,FITMENT_READY
mitsubishi,Mitsubishi,3000gt-series-1,3000GT Series 1,3000GT Series 1,OBSERVED_BUNDLE,,false,6,121,0,FITMENT_READY
mitsubishi,Mitsubishi,3000gt-series-2,3000GT Series 2,3000GT Series 2,OBSERVED_BUNDLE,,false,6,124,0,FITMENT_READY
mitsubishi,Mitsubishi,3000gt-series-3,3000GT Series 3,3000GT Series 3,OBSERVED_BUNDLE,,false,6,124,0,FITMENT_READY
mitsubishi,Mitsubishi,asx-outlander-sport-rvr,ASX/Outlander Sport/RVR,ASX/Outlander,OBSERVED_BUNDLE,,false,6,117,0,FITMENT_READY
mitsubishi,Mitsubishi,asx-outlander-sport-rvr-1st-facelift,ASX/Outlander Sport/RVR 1st Facelift,ASX/Outlander,OBSERVED_BUNDLE,,false,6,118,0,FITMENT_READY
mitsubishi,Mitsubishi,asx-outlander-sport-rvr-2nd-facelift,ASX/Outlander Sport/RVR 2nd Facelift,ASX/Outlander,OBSERVED_BUNDLE,,false,6,108,0,FITMENT_READY
mitsubishi,Mitsubishi,asx-outlander-sport-rvr-3rd-facelift,ASX/Outlander Sport/RVR 3rd Facelift,ASX/Outlander,OBSERVED_BUNDLE,,false,6,118,0,FITMENT_READY
mitsubishi,Mitsubishi,asx-outlander-sport-rvr-4th-facelift,ASX/Outlander Sport/RVR 4th Facelift,ASX/Outlander,OBSERVED_BUNDLE,,false,6,118,0,FITMENT_READY
mitsubishi,Mitsubishi,attrage-mirage-g4,Attrage/Mirage G4,Attrage/Mirage,OBSERVED_BUNDLE,,false,6,117,0,FITMENT_READY
mitsubishi,Mitsubishi,attrage-mirage-g4-1st-facelift,Attrage/Mirage G4 1st Facelift,Attrage/Mirage,OBSERVED_BUNDLE,,false,6,120,0,FITMENT_READY
mitsubishi,Mitsubishi,attrage-mirage-g4-2nd-facelift,Attrage/Mirage G4 2nd Facelift,Attrage/Mirage,OBSERVED_BUNDLE,,false,6,122,0,FITMENT_READY
mitsubishi,Mitsubishi,colt-z30,Colt Z30,Colt,OBSERVED_BUNDLE,,false,6,120,0,FITMENT_READY
mitsubishi,Mitsubishi,colt-z30-facelift,Colt Z30 Facelift,Colt,OBSERVED_BUNDLE,,false,6,113,0,FITMENT_READY
mitsubishi,Mitsubishi,colt-mirage-3rd-generation,Colt/Mirage 3rd Generation,Colt/Mirage,OBSERVED_BUNDLE,,false,6,115,0,FITMENT_READY
mitsubishi,Mitsubishi,colt-mirage-4th-generation,Colt/Mirage 4th Generation,Colt/Mirage,OBSERVED_BUNDLE,,false,6,124,0,FITMENT_READY
mitsubishi,Mitsubishi,debonair-v,Debonair V,Debonair,OBSERVED_BUNDLE,,false,6,114,0,FITMENT_READY
mitsubishi,Mitsubishi,delica-d-5,Delica D:5,Delica D:5,OBSERVED_BUNDLE,,false,6,115,0,FITMENT_READY
mitsubishi,Mitsubishi,diamante-sigma,Diamante/Sigma,Diamante/Sigma,OBSERVED_BUNDLE,,false,6,122,0,FITMENT_READY
mitsubishi,Mitsubishi,dingo,Dingo,Dingo,OBSERVED_BUNDLE,,false,6,112,0,FITMENT_READY
mitsubishi,Mitsubishi,dion,Dion,Dion,OBSERVED_BUNDLE,,false,6,114,0,FITMENT_READY
mitsubishi,Mitsubishi,dion-facelift,Dion Facelift,Dion,OBSERVED_BUNDLE,,false,6,114,0,FITMENT_READY
mitsubishi,Mitsubishi,eclipse-1st-generation,Eclipse 1st Generation,Eclipse,OBSERVED_BUNDLE,,false,6,116,0,FITMENT_READY
mitsubishi,Mitsubishi,eclipse-2nd-generation,Eclipse 2nd Generation,Eclipse,OBSERVED_BUNDLE,,false,6,124,0,FITMENT_READY
mitsubishi,Mitsubishi,eclipse-2nd-generation-facelift,Eclipse 2nd Generation Facelift,Eclipse,OBSERVED_BUNDLE,,false,6,124,0,FITMENT_READY
mitsubishi,Mitsubishi,eclipse-3rd-generation,Eclipse 3rd Generation,Eclipse,OBSERVED_BUNDLE,,false,6,117,0,FITMENT_READY
mitsubishi,Mitsubishi,eclipse-3rd-generation-facelift,Eclipse 3rd Generation Facelift,Eclipse,OBSERVED_BUNDLE,,false,6,117,0,FITMENT_READY
mitsubishi,Mitsubishi,eclipse-4th-generation,Eclipse 4th Generation,Eclipse,OBSERVED_BUNDLE,,false,6,116,0,FITMENT_READY
mitsubishi,Mitsubishi,eclipse-4th-generation-facelift,Eclipse 4th Generation Facelift,Eclipse,OBSERVED_BUNDLE,,false,6,81,0,FITMENT_READY
mitsubishi,Mitsubishi,eclipse-cross,Eclipse Cross,Eclipse Cross,OBSERVED_BUNDLE,,false,6,121,0,FITMENT_READY
mitsubishi,Mitsubishi,eclipse-cross-facelift,Eclipse Cross Facelift,Eclipse Cross,OBSERVED_BUNDLE,,false,6,109,0,FITMENT_READY
mitsubishi,Mitsubishi,endeavor,Endeavor,Endeavor,OBSERVED_BUNDLE,,false,6,112,0,FITMENT_READY
mitsubishi,Mitsubishi,endeavor-facelift,Endeavor Facelift,Endeavor,OBSERVED_BUNDLE,,false,6,120,0,FITMENT_READY
mitsubishi,Mitsubishi,express,Express,Express,OBSERVED_BUNDLE,,false,6,121,0,FITMENT_READY
mitsubishi,Mitsubishi,fto,FTO,FTO,OBSERVED_BUNDLE,,false,6,110,0,FITMENT_READY
mitsubishi,Mitsubishi,galant-7th-generation,Galant 7th Generation,Galant,OBSERVED_BUNDLE,,false,6,102,0,FITMENT_READY
mitsubishi,Mitsubishi,galant-7th-generation-facelift,Galant 7th Generation Facelift,Galant,OBSERVED_BUNDLE,,false,6,118,0,FITMENT_READY
mitsubishi,Mitsubishi,galant-8th-generation,Galant 8th Generation,Galant,OBSERVED_BUNDLE,,false,6,102,0,FITMENT_READY
mitsubishi,Mitsubishi,galant-8th-generation-facelift,Galant 8th Generation Facelift,Galant,OBSERVED_BUNDLE,,false,6,119,0,FITMENT_READY
mitsubishi,Mitsubishi,galant-9th-generation,Galant 9th Generation,Galant,OBSERVED_BUNDLE,,false,6,112,0,FITMENT_READY
mitsubishi,Mitsubishi,galant-9th-generation-1st-facelift,Galant 9th Generation 1st Facelift,Galant,OBSERVED_BUNDLE,,false,6,117,0,FITMENT_READY
mitsubishi,Mitsubishi,galant-9th-generation-2nd-facelift,Galant 9th Generation 2nd Facelift,Galant,OBSERVED_BUNDLE,,false,6,117,0,FITMENT_READY
mitsubishi,Mitsubishi,galant-eterna-5th-generation,Galant/Eterna 5th Generation,Galant/Eterna,OBSERVED_BUNDLE,,false,6,117,0,FITMENT_READY
mitsubishi,Mitsubishi,galant-eterna-6th-generation,Galant/Eterna 6th Generation,Galant/Eterna,OBSERVED_BUNDLE,,false,6,119,0,FITMENT_READY
mitsubishi,Mitsubishi,galant-eterna-6th-generation-facelift,Galant/Eterna 6th Generation Facelift,Galant/Eterna,OBSERVED_BUNDLE,,false,6,119,0,FITMENT_READY
mitsubishi,Mitsubishi,grandis,Grandis,Grandis,OBSERVED_BUNDLE,,false,6,120,0,FITMENT_READY
mitsubishi,Mitsubishi,i,i,i,OBSERVED_BUNDLE,,false,6,119,0,FITMENT_READY
mitsubishi,Mitsubishi,i-miev,i-MiEV,i-MiEV,OBSERVED_BUNDLE,,false,6,119,0,FITMENT_READY
mitsubishi,Mitsubishi,kr-ks,KR/KS,KR/KS,OBSERVED_BUNDLE,,false,6,110,0,FITMENT_READY
mitsubishi,Mitsubishi,kr-ks-facelift,KR/KS Facelift,KR/KS,OBSERVED_BUNDLE,,false,6,110,0,FITMENT_READY
mitsubishi,Mitsubishi,l200-triton-strada-2nd-generation,L200/Triton/Strada 2nd Generation,L200/Triton/Strada,OBSERVED_BUNDLE,,false,6,122,0,FITMENT_READY
mitsubishi,Mitsubishi,l200-triton-strada-2nd-generation-facelift,L200/Triton/Strada 2nd Generation Facelift,L200/Triton/Strada,OBSERVED_BUNDLE,,false,6,120,0,FITMENT_READY
mitsubishi,Mitsubishi,l200-triton-strada-3rd-generation,L200/Triton/Strada 3rd Generation,L200/Triton/Strada,OBSERVED_BUNDLE,,false,6,110,0,FITMENT_READY
mitsubishi,Mitsubishi,l200-triton-strada-3rd-generation-facelift,L200/Triton/Strada 3rd Generation Facelift,L200/Triton/Strada,OBSERVED_BUNDLE,,false,6,116,0,FITMENT_READY
mitsubishi,Mitsubishi,l200-triton-strada-4th-generation,L200/Triton/Strada 4th Generation,L200/Triton/Strada,OBSERVED_BUNDLE,,false,6,120,0,FITMENT_READY
mitsubishi,Mitsubishi,l200-triton-strada-4th-generation-facelift,L200/Triton/Strada 4th Generation Facelift,L200/Triton/Strada,OBSERVED_BUNDLE,,false,6,119,0,FITMENT_READY
mitsubishi,Mitsubishi,l200-triton-strada-5th-generation,L200/Triton/Strada 5th Generation,L200/Triton/Strada,OBSERVED_BUNDLE,,false,6,117,0,FITMENT_READY
mitsubishi,Mitsubishi,l200-triton-strada-5th-generation-facelift,L200/Triton/Strada 5th Generation Facelift,L200/Triton/Strada,OBSERVED_BUNDLE,,false,6,120,0,FITMENT_READY
mitsubishi,Mitsubishi,l400-space-gear,L400/Space Gear,L400/Space Gear,OBSERVED_BUNDLE,,false,6,126,0,FITMENT_READY
mitsubishi,Mitsubishi,l400-space-gear-facelift,L400/Space Gear Facelift,L400/Space Gear,OBSERVED_BUNDLE,,false,6,126,0,FITMENT_READY
mitsubishi,Mitsubishi,lancer-4th-generation,Lancer 4th Generation,Lancer,OBSERVED_BUNDLE,,false,6,117,0,FITMENT_READY
mitsubishi,Mitsubishi,lancer-4th-generation-facelift,Lancer 4th Generation Facelift,Lancer,OBSERVED_BUNDLE,,false,6,117,0,FITMENT_READY
mitsubishi,Mitsubishi,lancer-5th-generation,Lancer 5th Generation,Lancer,OBSERVED_BUNDLE,,false,6,124,0,FITMENT_READY
mitsubishi,Mitsubishi,lancer-5th-generation-facelift,Lancer 5th Generation Facelift,Lancer,OBSERVED_BUNDLE,,false,6,124,0,FITMENT_READY
mitsubishi,Mitsubishi,lancer-6th-generation,Lancer 6th Generation,Lancer,OBSERVED_BUNDLE,,false,6,124,0,FITMENT_READY
mitsubishi,Mitsubishi,lancer-6th-generation-facelift,Lancer 6th Generation Facelift,Lancer,OBSERVED_BUNDLE,,false,6,117,0,FITMENT_READY
mitsubishi,Mitsubishi,lancer-8th-generation,Lancer 8th Generation,Lancer,OBSERVED_BUNDLE,,false,6,111,0,FITMENT_READY
mitsubishi,Mitsubishi,lancer-8th-generation-1st-facelift,Lancer 8th Generation 1st Facelift,Lancer,OBSERVED_BUNDLE,,false,6,103,0,FITMENT_READY
mitsubishi,Mitsubishi,lancer-8th-generation-2nd-facelift,Lancer 8th Generation 2nd Facelift,Lancer,OBSERVED_BUNDLE,,false,6,115,0,FITMENT_READY
mitsubishi,Mitsubishi,lancer-cedia-7th-generation,Lancer Cedia 7th Generation,Lancer Cedia,OBSERVED_BUNDLE,,false,6,120,0,FITMENT_READY
mitsubishi,Mitsubishi,lancer-cedia-7th-generation-1st-facelift,Lancer Cedia 7th Generation 1st Facelift,Lancer Cedia,OBSERVED_BUNDLE,,false,6,120,0,FITMENT_READY
mitsubishi,Mitsubishi,lancer-cedia-7th-generation-2nd-facelift,Lancer Cedia 7th Generation 2nd Facelift,Lancer Cedia,OBSERVED_BUNDLE,,false,6,120,0,FITMENT_READY
mitsubishi,Mitsubishi,lancer-mirage,Lancer/Mirage,Lancer/Mirage,OBSERVED_BUNDLE,,false,6,117,0,FITMENT_READY
mitsubishi,Mitsubishi,lancer-mirage-facelift,Lancer/Mirage Facelift,Lancer/Mirage,OBSERVED_BUNDLE,,false,6,117,0,FITMENT_READY
mitsubishi,Mitsubishi,towny-7th-generation,Minica 7th Generation,Minica,OBSERVED_BUNDLE,,false,6,121,0,FITMENT_READY
mitsubishi,Mitsubishi,towny-7th-generation-facelift,Minica 7th Generation Facelift,Minica,OBSERVED_BUNDLE,,false,6,121,0,FITMENT_READY
mitsubishi,Mitsubishi,towny-8th-generation,Minica 8th Generation,Minica,OBSERVED_BUNDLE,,false,6,112,0,FITMENT_READY
mitsubishi,Mitsubishi,towny-8th-generation-1st-facelift,Minica 8th Generation 1st Facelift,Minica,OBSERVED_BUNDLE,,false,6,112,0,FITMENT_READY
mitsubishi,Mitsubishi,towny-8th-generation-2nd-facelift,Minica 8th Generation 2nd Facelift,Minica,OBSERVED_BUNDLE,,false,6,112,0,FITMENT_READY
mitsubishi,Mitsubishi,mirage-space-star,Mirage/Space Star,Mirage/Space Star,OBSERVED_BUNDLE,,false,6,120,0,FITMENT_READY
mitsubishi,Mitsubishi,mirage-space-star-1st-facelift,Mirage/Space Star 1st Facelift,Mirage/Space Star,OBSERVED_BUNDLE,,false,6,120,0,FITMENT_READY
mitsubishi,Mitsubishi,mirage-space-star-2nd-facelift,Mirage/Space Star 2nd Facelift,Mirage/Space Star,OBSERVED_BUNDLE,,false,6,120,0,FITMENT_READY
mitsubishi,Mitsubishi,outlander-2nd-generation,Outlander 2nd Generation,Outlander,OBSERVED_BUNDLE,,false,6,119,0,FITMENT_READY
mitsubishi,Mitsubishi,outlander-2nd-generation-facelift,Outlander 2nd Generation Facelift,Outlander,OBSERVED_BUNDLE,,false,6,119,0,FITMENT_READY
mitsubishi,Mitsubishi,outlander-3rd-generation,Outlander 3rd Generation,Outlander,OBSERVED_BUNDLE,,false,6,119,0,FITMENT_READY
mitsubishi,Mitsubishi,outlander-3rd-generation-1st-facelift,Outlander 3rd Generation 1st Facelift,Outlander,OBSERVED_BUNDLE,,false,6,119,0,FITMENT_READY
mitsubishi,Mitsubishi,outlander-3rd-generation-2nd-facelift,Outlander 3rd Generation 2nd Facelift,Outlander,OBSERVED_BUNDLE,,false,6,119,0,FITMENT_READY
mitsubishi,Mitsubishi,outlander-3rd-generation-3rd-facelift,Outlander 3rd Generation 3rd Facelift,Outlander,OBSERVED_BUNDLE,,false,6,120,0,FITMENT_READY
mitsubishi,Mitsubishi,outlander-4th-generation,Outlander 4th Generation,Outlander,OBSERVED_BUNDLE,,false,6,123,0,FITMENT_READY
mitsubishi,Mitsubishi,outlander-airtrek-1st-generation,Outlander/Airtrek 1st Generation,Outlander/Airtrek,OBSERVED_BUNDLE,,false,6,121,0,FITMENT_READY
mitsubishi,Mitsubishi,outlander-airtrek-1st-generation-facelift,Outlander/Airtrek 1st Generation Facelift,Outlander/Airtrek,OBSERVED_BUNDLE,,false,6,120,0,FITMENT_READY
mitsubishi,Mitsubishi,pajero-io-montero-io-pajero-pinin,Pajero iO/Montero iO/Pajero Pinin,Pajero,OBSERVED_BUNDLE,,false,6,121,0,FITMENT_READY
mitsubishi,Mitsubishi,pajero-io-montero-io-pajero-pinin-facelift,Pajero iO/Montero iO/Pajero Pinin Facelift,Pajero,OBSERVED_BUNDLE,,false,6,121,0,FITMENT_READY
mitsubishi,Mitsubishi,pajero-mini,Pajero Mini,Pajero Mini,OBSERVED_BUNDLE,,false,6,116,0,FITMENT_READY
mitsubishi,Mitsubishi,pajero-sport-montero-sport-3rd-generation,Pajero Sport/Montero Sport 3rd Generation,Pajero,OBSERVED_BUNDLE,,false,6,121,0,FITMENT_READY
mitsubishi,Mitsubishi,pajero-sport-montero-sport-3rd-generation-facelift,Pajero Sport/Montero Sport 3rd Generation Facelift,Pajero,OBSERVED_BUNDLE,,false,6,123,0,FITMENT_READY
mitsubishi,Mitsubishi,pajero-sport-montero-sport-nativa-1st-generation,Pajero Sport/Montero Sport/Nativa 1st Generation,Pajero,OBSERVED_BUNDLE,,false,6,120,0,FITMENT_READY
mitsubishi,Mitsubishi,pajero-sport-montero-sport-nativa-1st-generation-1st-facelift,Pajero Sport/Montero Sport/Nativa 1st Generation 1st Facelift,Pajero,OBSERVED_BUNDLE,,false,6,121,0,FITMENT_READY
mitsubishi,Mitsubishi,pajero-sport-montero-sport-nativa-1st-generation-2nd-facelift,Pajero Sport/Montero Sport/Nativa 1st Generation 2nd Facelift,Pajero,OBSERVED_BUNDLE,,false,6,113,0,FITMENT_READY
mitsubishi,Mitsubishi,pajero-sport-montero-sport-nativa-2nd-generation,Pajero Sport/Montero Sport/Nativa 2nd Generation,Pajero,OBSERVED_BUNDLE,,false,6,118,0,FITMENT_READY
mitsubishi,Mitsubishi,pajero-sport-montero-sport-nativa-2nd-generation-facelift,Pajero Sport/Montero Sport/Nativa 2nd Generation Facelift,Pajero,OBSERVED_BUNDLE,,false,6,123,0,FITMENT_READY
mitsubishi,Mitsubishi,pajero-montero-1st-generation,Pajero/Montero 1st Generation,Pajero/Montero,OBSERVED_BUNDLE,,false,6,122,0,FITMENT_READY
mitsubishi,Mitsubishi,pajero-montero-1st-generation-facelift,Pajero/Montero 1st Generation Facelift,Pajero/Montero,OBSERVED_BUNDLE,,false,6,122,0,FITMENT_READY
mitsubishi,Mitsubishi,pajero-montero-2nd-generation,Pajero/Montero 2nd Generation,Pajero/Montero,OBSERVED_BUNDLE,,false,6,121,0,FITMENT_READY
mitsubishi,Mitsubishi,pajero-montero-2nd-generation-facelift,Pajero/Montero 2nd Generation Facelift,Pajero/Montero,OBSERVED_BUNDLE,,false,6,121,0,FITMENT_READY
mitsubishi,Mitsubishi,pajero-montero-3rd-generation,Pajero/Montero 3rd Generation,Pajero/Montero,OBSERVED_BUNDLE,,false,6,124,0,FITMENT_READY
mitsubishi,Mitsubishi,pajero-montero-3rd-generation-facelift,Pajero/Montero 3rd Generation Facelift,Pajero/Montero,OBSERVED_BUNDLE,,false,6,122,0,FITMENT_READY
mitsubishi,Mitsubishi,pajero-montero-4th-generation,Pajero/Montero 4th Generation,Pajero/Montero,OBSERVED_BUNDLE,,false,6,122,0,FITMENT_READY
mitsubishi,Mitsubishi,pajero-montero-4th-generation-1st-facelift,Pajero/Montero 4th Generation 1st Facelift,Pajero/Montero,OBSERVED_BUNDLE,,false,6,122,0,FITMENT_READY
mitsubishi,Mitsubishi,pajero-montero-4th-generation-2nd-facelift,Pajero/Montero 4th Generation 2nd Facelift,Pajero/Montero,OBSERVED_BUNDLE,,false,6,122,0,FITMENT_READY
mitsubishi,Mitsubishi,pajero-montero-4th-generation-3rd-facelift,Pajero/Montero 4th Generation 3rd Facelift,Pajero/Montero,OBSERVED_BUNDLE,,false,6,119,0,FITMENT_READY
mitsubishi,Mitsubishi,sigma-magna,Sigma/Magna,Sigma/Magna,OBSERVED_BUNDLE,,false,6,118,0,FITMENT_READY
mitsubishi,Mitsubishi,sigma-magna-1st-facelift,Sigma/Magna 1st Facelift,Sigma/Magna,OBSERVED_BUNDLE,,false,6,118,0,FITMENT_READY
mitsubishi,Mitsubishi,sigma-magna-2nd-facelift,Sigma/Magna 2nd Facelift,Sigma/Magna,OBSERVED_BUNDLE,,false,6,119,0,FITMENT_READY
mitsubishi,Mitsubishi,space-runner,Space Runner,Space Runner,OBSERVED_BUNDLE,,false,6,118,0,FITMENT_READY
mitsubishi,Mitsubishi,space-runner-facelift,Space Runner Facelift,Space Runner,OBSERVED_BUNDLE,,false,6,118,0,FITMENT_READY
mitsubishi,Mitsubishi,space-star,Space Star,Space Star,OBSERVED_BUNDLE,,false,6,101,0,FITMENT_READY
mitsubishi,Mitsubishi,space-wagon-1st-generation,Space Wagon 1st Generation,Space Wagon,OBSERVED_BUNDLE,,false,6,87,0,FITMENT_READY
mitsubishi,Mitsubishi,space-wagon-1st-generation-facelift,Space Wagon 1st Generation Facelift,Space Wagon,OBSERVED_BUNDLE,,false,6,71,0,FITMENT_READY
mitsubishi,Mitsubishi,space-wagon-2nd-generation,Space Wagon 2nd Generation,Space Wagon,OBSERVED_BUNDLE,,false,6,120,0,FITMENT_READY
mitsubishi,Mitsubishi,space-wagon-2nd-generation-facelift,Space Wagon 2nd Generation Facelift,Space Wagon,OBSERVED_BUNDLE,,false,6,122,0,FITMENT_READY
mitsubishi,Mitsubishi,space-wagon-3rd-generation,Space Wagon 3rd Generation,Space Wagon,OBSERVED_BUNDLE,,false,6,83,0,FITMENT_READY
mitsubishi,Mitsubishi,space-wagon-3rd-generation-facelift,Space Wagon 3rd Generation Facelift,Space Wagon,OBSERVED_BUNDLE,,false,6,83,0,FITMENT_READY
mitsubishi,Mitsubishi,xforce,Xforce,Xforce,OBSERVED_BUNDLE,,false,6,122,0,FITMENT_READY
mitsubishi,Mitsubishi,xpander,Xpander,Xpander,OBSERVED_BUNDLE,,false,6,122,0,FITMENT_READY
mitsubishi,Mitsubishi,xpander-1st-facelift,Xpander 1st Facelift,Xpander,OBSERVED_BUNDLE,,false,6,122,0,FITMENT_READY
mitsubishi,Mitsubishi,xpander-2nd-facelift,Xpander 2nd Facelift,Xpander,OBSERVED_BUNDLE,,false,6,122,0,FITMENT_READY
opel,Opel,adam-m13,Adam M13,Adam,OBSERVED_BUNDLE,,false,6,0,0,FITMENT_READY
opel,Opel,agila-a,Agila A,Agila A,OBSERVED_BUNDLE,,false,6,0,0,FITMENT_READY
opel,Opel,agila-b,Agila B,Agila B,OBSERVED_BUNDLE,,false,6,0,0,FITMENT_READY
opel,Opel,ampera,Ampera,Ampera,OBSERVED_BUNDLE,,false,6,0,0,FITMENT_READY
opel,Opel,antara,Antara,Antara,OBSERVED_BUNDLE,,false,6,0,0,FITMENT_READY
opel,Opel,arena,Arena,Arena,OBSERVED_BUNDLE,,false,6,0,0,FITMENT_READY
opel,Opel,ascona-c,Ascona C,Ascona C,OBSERVED_BUNDLE,,false,6,0,0,FITMENT_READY
opel,Opel,astra-classic,Astra Classic,Astra Classic,OBSERVED_BUNDLE,,false,6,0,0,FITMENT_READY
opel,Opel,astra-f,Astra F,Astra F,OBSERVED_BUNDLE,,false,6,0,0,FITMENT_READY
opel,Opel,astra-g-zafira-a,Astra G + Zafira A,Astra G + Zafira A,OBSERVED_BUNDLE,,false,6,0,0,FITMENT_READY
opel,Opel,astra-h,Astra H,Astra H,OBSERVED_BUNDLE,,false,6,0,0,FITMENT_READY
opel,Opel,astra-j,Astra J,Astra J,OBSERVED_BUNDLE,,false,6,0,0,FITMENT_READY
opel,Opel,astra-k,Astra K,Astra K,OBSERVED_BUNDLE,,false,6,0,0,FITMENT_READY
opel,Opel,calibra,Calibra A,Calibra A,OBSERVED_BUNDLE,,false,6,0,0,FITMENT_READY
opel,Opel,campo-tf0,Campo TF0,Campo,OBSERVED_BUNDLE,,false,6,0,0,FITMENT_READY
opel,Opel,campo-tf1,Campo TF1,Campo,OBSERVED_BUNDLE,,false,6,0,0,FITMENT_READY
opel,Opel,cascada,Cascada,Cascada,OBSERVED_BUNDLE,,false,6,0,0,FITMENT_READY
opel,Opel,corsa-a,Corsa A,Corsa A,OBSERVED_BUNDLE,,false,6,0,0,FITMENT_READY
opel,Opel,corsa-b-tigra-a,Corsa B + Tigra A,Corsa B + Tigra A,OBSERVED_BUNDLE,,false,6,0,0,FITMENT_READY
opel,Opel,corsa-c,Corsa C,Corsa C,OBSERVED_BUNDLE,,false,6,0,0,FITMENT_READY
opel,Opel,corsa-d,Corsa D,Corsa D,OBSERVED_BUNDLE,,false,6,0,0,FITMENT_READY
opel,Opel,corsa-e,Corsa E,Corsa E,OBSERVED_BUNDLE,,false,6,0,0,FITMENT_READY
opel,Opel,crossland-x,Crossland X,Crossland,OBSERVED_BUNDLE,,false,6,0,0,FITMENT_READY
opel,Opel,euromidi,Euromidi,Euromidi,OBSERVED_BUNDLE,,false,6,0,0,FITMENT_READY
opel,Opel,frontera-a,Frontera A,Frontera A,OBSERVED_BUNDLE,,false,6,0,0,FITMENT_READY
opel,Opel,frontera-b,Frontera B,Frontera B,OBSERVED_BUNDLE,,false,6,0,0,FITMENT_READY
opel,Opel,gt,GT,GT,OBSERVED_BUNDLE,,false,6,0,0,FITMENT_READY
opel,Opel,insignia-a,Insignia A,Insignia A,OBSERVED_BUNDLE,,false,6,0,0,FITMENT_READY
opel,Opel,insignia-b,Insignia B,Insignia B,OBSERVED_BUNDLE,,false,6,0,0,FITMENT_READY
opel,Opel,kadett-e,Kadett E,Kadett E,OBSERVED_BUNDLE,,false,6,0,0,FITMENT_READY
opel,Opel,karl,Karl,Karl,OBSERVED_BUNDLE,,false,6,0,0,FITMENT_READY
opel,Opel,meriva-a,Meriva A,Meriva A,OBSERVED_BUNDLE,,false,6,0,0,FITMENT_READY
opel,Opel,meriva-b,Meriva B,Meriva B,OBSERVED_BUNDLE,,false,6,0,0,FITMENT_READY
opel,Opel,mokka-a,Mokka A,Mokka A,OBSERVED_BUNDLE,,false,6,0,0,FITMENT_READY
opel,Opel,monterey-a,Monterey A,Monterey A,OBSERVED_BUNDLE,,false,6,0,0,FITMENT_READY
opel,Opel,monterey-b,Monterey B,Monterey B,OBSERVED_BUNDLE,,false,6,0,0,FITMENT_READY
opel,Opel,omega-a,Omega A,Omega A,OBSERVED_BUNDLE,,false,6,0,0,FITMENT_READY
opel,Opel,omega-b,Omega B,Omega B,OBSERVED_BUNDLE,,false,6,0,0,FITMENT_READY
opel,Opel,senator-b,Senator B,Senator B,OBSERVED_BUNDLE,,false,6,0,0,FITMENT_READY
opel,Opel,signum,Signum,Signum,OBSERVED_BUNDLE,,false,6,0,0,FITMENT_READY
opel,Opel,sintra,Sintra,Sintra,OBSERVED_BUNDLE,,false,6,0,0,FITMENT_READY
opel,Opel,speedster,Speedster,Speedster,OBSERVED_BUNDLE,,false,6,0,0,FITMENT_READY
opel,Opel,tigra-b,Tigra B,Tigra B,OBSERVED_BUNDLE,,false,6,0,0,FITMENT_READY
opel,Opel,vectra-a,Vectra A,Vectra A,OBSERVED_BUNDLE,,false,6,0,0,FITMENT_READY
opel,Opel,vectra-b,Vectra B,Vectra B,OBSERVED_BUNDLE,,false,6,0,0,FITMENT_READY
opel,Opel,vectra-c,Vectra C,Vectra C,OBSERVED_BUNDLE,,false,6,0,0,FITMENT_READY
opel,Opel,vivaro-a,Vivaro A,Vivaro A,OBSERVED_BUNDLE,,false,6,0,0,FITMENT_READY
opel,Opel,vivaro-b,Vivaro B,Vivaro B,OBSERVED_BUNDLE,,false,6,0,0,FITMENT_READY
opel,Opel,zafira-b,Zafira B,Zafira B,OBSERVED_BUNDLE,,false,6,0,0,FITMENT_READY
opel,Opel,zafira-c,Zafira C,Zafira C,OBSERVED_BUNDLE,,false,6,0,0,FITMENT_READY
peugeot,Peugeot,1007,1007,1007,OBSERVED_BUNDLE,,false,6,14,17,FITMENT_READY
peugeot,Peugeot,106-phase-i,106 Phase I,106 Phase,OBSERVED_BUNDLE,,false,6,23,0,FITMENT_READY
peugeot,Peugeot,106-phase-ii,106 Phase II,106 Phase,OBSERVED_BUNDLE,,false,6,22,72,FITMENT_READY
peugeot,Peugeot,107,107,107,OBSERVED_BUNDLE,,false,6,13,60,FITMENT_READY
peugeot,Peugeot,107-1st-favelift,107 1st Favelift,107 1st Favelift,OBSERVED_BUNDLE,,false,6,28,100,FITMENT_READY
peugeot,Peugeot,107-2nd-facelift,107 2nd Facelift,107,OBSERVED_BUNDLE,,false,6,15,40,FITMENT_READY
peugeot,Peugeot,2008-a94,2008 A94,2008,OBSERVED_BUNDLE,,false,6,47,295,FITMENT_READY
peugeot,Peugeot,205,205,205,OBSERVED_BUNDLE,,false,6,33,155,FITMENT_READY
peugeot,Peugeot,206,206+,206+,OBSERVED_BUNDLE,,false,6,50,15,FITMENT_READY
peugeot,Peugeot,207,207,207,OBSERVED_BUNDLE,,false,6,44,100,FITMENT_READY
peugeot,Peugeot,207-facelift,207 Facelift,207,OBSERVED_BUNDLE,,false,6,48,0,FITMENT_READY
peugeot,Peugeot,207i,207i,207i,OBSERVED_BUNDLE,,false,6,44,100,FITMENT_READY
peugeot,Peugeot,208-a9,208 A9,208,OBSERVED_BUNDLE,,false,6,44,160,FITMENT_READY
peugeot,Peugeot,3008,3008,3008,OBSERVED_BUNDLE,,false,6,45,0,FITMENT_READY
peugeot,Peugeot,3008-facelift,3008 Facelift,3008,OBSERVED_BUNDLE,,false,6,30,0,FITMENT_READY
peugeot,Peugeot,301,301,301,OBSERVED_BUNDLE,,false,6,47,0,FITMENT_READY
peugeot,Peugeot,306-phase-i,306 Phase I,306 Phase,OBSERVED_BUNDLE,,false,6,40,20,FITMENT_READY
peugeot,Peugeot,306-phase-ii,306 Phase II,306 Phase,OBSERVED_BUNDLE,,false,6,47,0,FITMENT_READY
peugeot,Peugeot,307,307,307,OBSERVED_BUNDLE,,false,6,42,151,FITMENT_READY
peugeot,Peugeot,307-facelift,307 Facelift,307,OBSERVED_BUNDLE,,false,6,56,172,FITMENT_READY
peugeot,Peugeot,308-t7,308 T7,308,OBSERVED_BUNDLE,,false,6,48,12,FITMENT_READY
peugeot,Peugeot,308-t7-facelift,308 T7 Facelift,308,OBSERVED_BUNDLE,,false,6,61,0,FITMENT_READY
peugeot,Peugeot,308-t9,308 T9,308,OBSERVED_BUNDLE,,false,6,32,0,FITMENT_READY
peugeot,Peugeot,309,309,309,OBSERVED_BUNDLE,,false,6,58,0,FITMENT_READY
peugeot,Peugeot,309-facelift,309 Facelift,309,OBSERVED_BUNDLE,,false,6,75,206,FITMENT_READY
peugeot,Peugeot,4007,4007,4007,OBSERVED_BUNDLE,,false,6,93,0,FITMENT_READY
peugeot,Peugeot,4008,4008,4008,OBSERVED_BUNDLE,,false,6,82,0,FITMENT_READY
peugeot,Peugeot,405,405,405,OBSERVED_BUNDLE,,false,6,78,169,FITMENT_READY
peugeot,Peugeot,406,406,406,OBSERVED_BUNDLE,,false,6,92,160,FITMENT_READY
peugeot,Peugeot,406-facelift,406 Facelift,406,OBSERVED_BUNDLE,,false,6,88,329,FITMENT_READY
peugeot,Peugeot,407,407,407,OBSERVED_BUNDLE,,false,6,82,267,FITMENT_READY
peugeot,Peugeot,407-facelift,407 Facelift,407,OBSERVED_BUNDLE,,false,6,95,100,FITMENT_READY
peugeot,Peugeot,408-t7,408 T7,408,OBSERVED_BUNDLE,,false,6,118,0,FITMENT_READY
peugeot,Peugeot,5008-t87,5008 T87,5008,OBSERVED_BUNDLE,,false,6,64,100,FITMENT_READY
peugeot,Peugeot,508,508,508,OBSERVED_BUNDLE,,false,6,75,60,FITMENT_READY
peugeot,Peugeot,605,605,605,OBSERVED_BUNDLE,,false,6,106,248,FITMENT_READY
peugeot,Peugeot,605-facelift,605 Facelift,605,OBSERVED_BUNDLE,,false,6,125,0,FITMENT_READY
peugeot,Peugeot,607,607,607,OBSERVED_BUNDLE,,false,6,89,0,FITMENT_READY
peugeot,Peugeot,607-facelift,607 Facelift,607,OBSERVED_BUNDLE,,false,6,110,0,FITMENT_READY
peugeot,Peugeot,806,806,806,OBSERVED_BUNDLE,,false,6,66,160,FITMENT_READY
peugeot,Peugeot,806-facelift,806 Facelift,806,OBSERVED_BUNDLE,,false,6,94,32,FITMENT_READY
peugeot,Peugeot,807,807,807,OBSERVED_BUNDLE,,false,6,79,90,FITMENT_READY
peugeot,Peugeot,807-facelift,807 Facelift,807,OBSERVED_BUNDLE,,false,6,90,80,FITMENT_READY
peugeot,Peugeot,ion,iOn,iOn,OBSERVED_BUNDLE,,false,6,90,0,FITMENT_READY
peugeot,Peugeot,partner-m59,Partner M59,Partner,OBSERVED_BUNDLE,,false,6,90,66,FITMENT_READY
peugeot,Peugeot,rcz-t75,RCZ T75,RCZ,OBSERVED_BUNDLE,,false,6,90,0,FITMENT_READY
pontiac,Pontiac,montana-1st-generation-gmt200,Montana 1st Generation (GMT200),Montana,OBSERVED_BUNDLE,,false,6,98,0,FITMENT_READY
pontiac,Pontiac,montana-2nd-generation,Montana 2nd Generation,Montana,OBSERVED_BUNDLE,,false,6,109,0,FITMENT_READY
pontiac,Pontiac,pursuit,Pursuit,Pursuit,OBSERVED_BUNDLE,,false,6,117,0,FITMENT_READY
pontiac,Pontiac,trans-sport-gmt200,Trans Sport GMT200,Trans Sport,OBSERVED_BUNDLE,,false,6,98,0,FITMENT_READY
porsche,Porsche,356-356a,356/356A,356/356A,OBSERVED_BUNDLE,,false,6,38,0,FITMENT_READY
porsche,Porsche,356b-356c,356B/356C,356B/356C,OBSERVED_BUNDLE,,false,6,44,0,FITMENT_READY
porsche,Porsche,718-boxster-982,718 Boxster (982),718 Boxster (982),OBSERVED_BUNDLE,,false,6,72,0,FITMENT_READY
porsche,Porsche,718-cayman-982,718 Cayman (982),718 Cayman (982),OBSERVED_BUNDLE,,false,6,57,367,FITMENT_READY
porsche,Porsche,718-cayman-gt4-982,718 Cayman GT4 (982),718 Cayman,OBSERVED_BUNDLE,,false,6,21,20,FITMENT_READY
porsche,Porsche,718-spyder-982,718 Spyder (982),718 Spyder (982),OBSERVED_BUNDLE,,false,6,107,235,FITMENT_READY
porsche,Porsche,911-930,911 (930),911 (930),OBSERVED_BUNDLE,,false,6,33,0,FITMENT_READY
porsche,Porsche,911-carrera-991-1,911 Carrera (991.1),911 Carrera (991.1),OBSERVED_BUNDLE,,false,6,32,0,FITMENT_READY
porsche,Porsche,911-carrera-991-2,911 Carrera (991.2),911 Carrera (991.2),OBSERVED_BUNDLE,,false,6,59,33,FITMENT_READY
porsche,Porsche,911-carrera-992-1,911 Carrera (992.1),911 Carrera (992.1),OBSERVED_BUNDLE,,false,6,56,230,FITMENT_READY
porsche,Porsche,911-carrera-992-2,911 Carrera (992.2),911 Carrera (992.2),OBSERVED_BUNDLE,,false,6,110,430,FITMENT_READY
porsche,Porsche,911-carrera-993,911 Carrera (993),911 Carrera (993),OBSERVED_BUNDLE,,false,6,11,0,FITMENT_READY
porsche,Porsche,911-carrera-996,911 Carrera (996),911 Carrera (996),OBSERVED_BUNDLE,,false,6,40,0,FITMENT_READY
porsche,Porsche,911-carrera-997-1,911 Carrera (997.1),911 Carrera (997.1),OBSERVED_BUNDLE,,false,6,54,9,FITMENT_READY
porsche,Porsche,911-carrera-997-2,911 Carrera (997.2),911 Carrera (997.2),OBSERVED_BUNDLE,,false,6,72,20,FITMENT_READY
porsche,Porsche,911-carrera-2-4-964,911 Carrera 2/4 (964),911 Carrera 2/4 (964),OBSERVED_BUNDLE,,false,6,28,141,FITMENT_READY
porsche,Porsche,911-gt3-992-2,911 GT3 (992.2),911,OBSERVED_BUNDLE,,false,6,65,136,FITMENT_READY
porsche,Porsche,911-gt3-996,911 GT3 (996),911,OBSERVED_BUNDLE,,false,6,22,0,FITMENT_READY
porsche,Porsche,911-gt3-997,911 GT3 (997),911,OBSERVED_BUNDLE,,false,6,67,315,FITMENT_READY
porsche,Porsche,911-gt3-rs-991-1,911 GT3 RS (991.1),911,OBSERVED_BUNDLE,,false,6,0,0,FITMENT_READY
porsche,Porsche,911-gt3-rs-991-2,911 GT3 RS (991.2),911,OBSERVED_BUNDLE,,false,6,39,12,FITMENT_READY
porsche,Porsche,911-gt3-rs-992-1,911 GT3 RS (992.1),911,OBSERVED_BUNDLE,,false,6,100,0,FITMENT_READY
porsche,Porsche,911-turbo-gt2-996,911 Turbo/GT2 (996),911,OBSERVED_BUNDLE,,false,6,33,0,FITMENT_READY
porsche,Porsche,911-turbo-gt2-997,911 Turbo/GT2 (997),911,OBSERVED_BUNDLE,,false,6,54,447,FITMENT_READY
porsche,Porsche,911-turbo-gt2-rs-991,911 Turbo/GT2 RS (991),911,OBSERVED_BUNDLE,,false,6,38,100,FITMENT_READY
porsche,Porsche,911-turbo-gt2-rs-997-facelift,911 Turbo/GT2 RS (997) Facelift,911,OBSERVED_BUNDLE,,false,6,50,140,FITMENT_READY
porsche,Porsche,911-turbo-s-992,911 Turbo/S (992),911,OBSERVED_BUNDLE,,false,6,38,0,FITMENT_READY
porsche,Porsche,911-turbo-s-992-facelift,911 Turbo/S (992) Facelift,911,OBSERVED_BUNDLE,,false,6,71,0,FITMENT_READY
porsche,Porsche,912,912,912,OBSERVED_BUNDLE,,false,6,50,0,FITMENT_READY
porsche,Porsche,914,914,914,OBSERVED_BUNDLE,,false,6,18,0,FITMENT_READY
porsche,Porsche,918-spyder,918 Spyder,918 Spyder,OBSERVED_BUNDLE,,false,6,62,0,FITMENT_READY
porsche,Porsche,924,924,924,OBSERVED_BUNDLE,,false,6,31,0,FITMENT_READY
porsche,Porsche,924-s-facelift,924 S Facelift,924 S,OBSERVED_BUNDLE,,false,6,22,0,FITMENT_READY
porsche,Porsche,928,928,928,OBSERVED_BUNDLE,,false,6,21,0,FITMENT_READY
porsche,Porsche,928-gts-3rd-facelift,928 GTS 3rd Facelift,928 GTS,OBSERVED_BUNDLE,,false,6,11,0,FITMENT_READY
porsche,Porsche,928-s-s2-1st-facelift,928 S/S2 1st Facelift,928,OBSERVED_BUNDLE,,false,6,6,20,FITMENT_READY
porsche,Porsche,928-s4-gt-2nd-facelift,928 S4/GT 2nd Facelift,928,OBSERVED_BUNDLE,,false,6,68,347,FITMENT_READY
porsche,Porsche,944-series-i,944 Series I,944 Series,OBSERVED_BUNDLE,,false,6,20,112,FITMENT_READY
porsche,Porsche,944-series-ii,944 Series II,944 Series,OBSERVED_BUNDLE,,false,6,17,180,FITMENT_READY
porsche,Porsche,959,959,959,OBSERVED_BUNDLE,,false,6,8,51,FITMENT_READY
porsche,Porsche,968,968,968,OBSERVED_BUNDLE,,false,6,34,109,FITMENT_READY
porsche,Porsche,boxster-981,Boxster (981),Boxster (981),OBSERVED_BUNDLE,,false,6,39,0,FITMENT_READY
porsche,Porsche,boxster-986,Boxster (986),Boxster (986),OBSERVED_BUNDLE,,false,6,0,0,FITMENT_READY
porsche,Porsche,boxster-987-1,Boxster (987.1),Boxster (987.1),OBSERVED_BUNDLE,,false,6,66,0,FITMENT_READY
porsche,Porsche,boxster-987-2,Boxster (987.2),Boxster (987.2),OBSERVED_BUNDLE,,false,6,38,0,FITMENT_READY
porsche,Porsche,boxster-facelift-986,Boxster Facelift (986),Boxster,OBSERVED_BUNDLE,,false,6,38,0,FITMENT_READY
porsche,Porsche,boxster-spyder-981,Boxster Spyder (981),Boxster Spyder (981),OBSERVED_BUNDLE,,false,6,50,0,FITMENT_READY
porsche,Porsche,carrera-gt-980,Carrera GT (980),Carrera GT (980),OBSERVED_BUNDLE,,false,6,65,0,FITMENT_READY
porsche,Porsche,cayenne-i-955-9pa,Cayenne I (955/9PA),Cayenne,OBSERVED_BUNDLE,,false,6,49,0,FITMENT_READY
porsche,Porsche,cayenne-i-facelift-957,Cayenne I Facelift (957),Cayenne,OBSERVED_BUNDLE,,false,6,59,20,FITMENT_READY
porsche,Porsche,cayenne-ii-958-92a,Cayenne II (958/92A),Cayenne,OBSERVED_BUNDLE,,false,6,0,0,FITMENT_READY
porsche,Porsche,cayenne-ii-facelift-958-2,Cayenne II Facelift (958.2),Cayenne,OBSERVED_BUNDLE,,false,6,60,0,FITMENT_READY
porsche,Porsche,cayenne-iii-9y0,Cayenne III (9Y0),Cayenne,OBSERVED_BUNDLE,,false,6,42,194,FITMENT_READY
porsche,Porsche,cayenne-iii-facelift-9g0,Cayenne III Facelift (9G0),Cayenne,OBSERVED_BUNDLE,,false,6,94,0,FITMENT_READY
porsche,Porsche,cayman-981c,Cayman (981C),Cayman (981C),OBSERVED_BUNDLE,,false,6,80,0,FITMENT_READY
porsche,Porsche,cayman-987-1,Cayman (987.1),Cayman (987.1),OBSERVED_BUNDLE,,false,6,54,0,FITMENT_READY
porsche,Porsche,cayman-987-2,Cayman (987.2),Cayman (987.2),OBSERVED_BUNDLE,,false,6,45,0,FITMENT_READY
porsche,Porsche,cayman-gt4-981,Cayman GT4 (981),Cayman,OBSERVED_BUNDLE,,false,6,73,0,FITMENT_READY
porsche,Porsche,macan-i-95b-1,Macan I (95B.1),Macan,OBSERVED_BUNDLE,,false,6,100,0,FITMENT_READY
porsche,Porsche,macan-ii-95b-2-1st-facelift,Macan II (95B.2) 1st Facelift,Macan,OBSERVED_BUNDLE,,false,6,0,0,FITMENT_READY
porsche,Porsche,macan-iii-95b-3-2nd-facelift,Macan III (95B.3) 2nd Facelift,Macan,OBSERVED_BUNDLE,,false,6,68,118,FITMENT_READY
porsche,Porsche,macan-e-95c,Macan-e (95C),Macan-e (95C),OBSERVED_BUNDLE,,false,6,89,0,FITMENT_READY
porsche,Porsche,panamera-g1-970,Panamera G1 (970),Panamera,OBSERVED_BUNDLE,,false,6,51,216,FITMENT_READY
porsche,Porsche,panamera-g1-970-facelift,Panamera G1 (970) Facelift,Panamera,OBSERVED_BUNDLE,,false,6,0,0,FITMENT_READY
porsche,Porsche,panamera-g2-971,Panamera G2 (971),Panamera,OBSERVED_BUNDLE,,false,6,42,170,FITMENT_READY
porsche,Porsche,panamera-g2-971-facelift,Panamera G2 (971) Facelift,Panamera,OBSERVED_BUNDLE,,false,6,87,320,FITMENT_READY
porsche,Porsche,panamera-g3-976,Panamera G3 (976),Panamera,OBSERVED_BUNDLE,,false,6,111,352,FITMENT_READY
porsche,Porsche,taycan-j1,Taycan (J1),Taycan (J1),OBSERVED_BUNDLE,,false,6,35,0,FITMENT_READY
porsche,Porsche,taycan-j1-facelift,Taycan (J1) Facelift,Taycan (J1),OBSERVED_BUNDLE,,false,6,99,175,FITMENT_READY
ram,Ram,ram-1500-pickup-ds,RAM 1500 Pickup DS,RAM 1500 Pickup DS,OBSERVED_BUNDLE,,false,6,105,0,FITMENT_READY
ram,Ram,ram-1500-pickup-dt,RAM 1500 Pickup DT,RAM 1500 Pickup DT,OBSERVED_BUNDLE,,false,6,107,91,FITMENT_READY
ram,Ram,ram-2500-pickup-dj,RAM 2500 Pickup DJ,RAM 2500 Pickup DJ,OBSERVED_BUNDLE,,false,6,85,45,FITMENT_READY
ram,Ram,ram-3500-cab-chassis-ds,RAM 3500 Cab Chassis DS,RAM 3500 Cab Chassis DS,OBSERVED_BUNDLE,,false,6,61,62,FITMENT_READY
ram,Ram,ram-3500-pickup-ds,RAM 3500 Pickup DS,RAM 3500 Pickup DS,OBSERVED_BUNDLE,,false,6,112,38,FITMENT_READY
ram,Ram,ram-4500-5500-cab-chassis-ds,RAM 4500/5500 Cab Chassis DS,RAM 4500/5500 Cab Chassis DS,OBSERVED_BUNDLE,,false,6,131,91,FITMENT_READY
rolls-royce,Rolls Royce,cullinan-rr31,Cullinan RR31,Cullinan,OBSERVED_BUNDLE,,false,6,110,0,FITMENT_READY
rolls-royce,Rolls Royce,cullinan-rr31-lci,Cullinan RR31 LCI,Cullinan,OBSERVED_BUNDLE,,false,6,117,0,FITMENT_READY
rolls-royce,Rolls Royce,dawn-rr6,Dawn RR6,Dawn,OBSERVED_BUNDLE,,false,6,112,0,FITMENT_READY
rolls-royce,Rolls Royce,ghost-ewb-rr22-lci,Ghost EWB RR22 LCI,Ghost EWB,OBSERVED_BUNDLE,,false,6,120,0,FITMENT_READY
rolls-royce,Rolls Royce,ghost-extended-rr22,Ghost Extended RR22,Ghost Extended,OBSERVED_BUNDLE,,false,6,115,0,FITMENT_READY
rolls-royce,Rolls Royce,ghost-rr21,Ghost RR21,Ghost,OBSERVED_BUNDLE,,false,6,115,0,FITMENT_READY
rolls-royce,Rolls Royce,ghost-rr21-lci,Ghost RR21 LCI,Ghost,OBSERVED_BUNDLE,,false,6,120,0,FITMENT_READY
rolls-royce,Rolls Royce,ghost-rr4,Ghost RR4,Ghost,OBSERVED_BUNDLE,,false,6,108,0,FITMENT_READY
rolls-royce,Rolls Royce,phantom-coupe,Phantom Coupe,Phantom Coupe,OBSERVED_BUNDLE,,false,6,125,0,FITMENT_READY
rolls-royce,Rolls Royce,phantom-coupe-series-ll,Phantom Coupe Series II,Phantom Coupe Series,OBSERVED_BUNDLE,,false,6,123,0,FITMENT_READY
rolls-royce,Rolls Royce,phantom-drophead,Phantom Drophead,Phantom Drophead,OBSERVED_BUNDLE,,false,6,125,0,FITMENT_READY
rolls-royce,Rolls Royce,phantom-drophead-series-ll,Phantom Drophead Series II,Phantom Drophead Series,OBSERVED_BUNDLE,,false,6,123,0,FITMENT_READY
rolls-royce,Rolls Royce,phantom-ewb-rr12-lci,Phantom EWB RR12 LCI,Phantom EWB,OBSERVED_BUNDLE,,false,6,114,0,FITMENT_READY
rolls-royce,Rolls Royce,phantom-extended-rr12,Phantom Extended RR12,Phantom Extended,OBSERVED_BUNDLE,,false,6,113,0,FITMENT_READY
rolls-royce,Rolls Royce,phantom-rr1,Phantom RR1,Phantom,OBSERVED_BUNDLE,,false,6,120,0,FITMENT_READY
rolls-royce,Rolls Royce,phantom-rr1-series-ll,Phantom RR1 Series II,Phantom,OBSERVED_BUNDLE,,false,6,120,0,FITMENT_READY
rolls-royce,Rolls Royce,phantom-rr11,Phantom RR11,Phantom,OBSERVED_BUNDLE,,false,6,113,0,FITMENT_READY
rolls-royce,Rolls Royce,phantom-rr11-lci,Phantom RR11 LCI,Phantom,OBSERVED_BUNDLE,,false,6,105,0,FITMENT_READY
rolls-royce,Rolls Royce,spectre-coupe-rr25,Spectre Coupe RR25,Spectre Coupe,OBSERVED_BUNDLE,,false,6,116,0,FITMENT_READY
rolls-royce,Rolls Royce,wraith-rr5,Wraith RR5,Wraith,OBSERVED_BUNDLE,,false,6,110,0,FITMENT_READY
skoda,Skoda,citigo,Citigo,Citigo,OBSERVED_BUNDLE,,false,6,57,40,FITMENT_READY
skoda,Skoda,citigo-facelift,Citigo Facelift,Citigo,OBSERVED_BUNDLE,,false,6,62,239,FITMENT_READY
skoda,Skoda,enyaq-elroq,Enyaq/Elroq,Enyaq/Elroq,OBSERVED_BUNDLE,,false,6,51,0,FITMENT_READY
skoda,Skoda,fabia-type-5j,Fabia (Type 5J),Fabia (Type 5J),OBSERVED_BUNDLE,,false,6,76,0,FITMENT_READY
skoda,Skoda,fabia-type-5j-facelift,Fabia (Type 5J) Facelift,Fabia (Type 5J),OBSERVED_BUNDLE,,false,6,43,0,FITMENT_READY
skoda,Skoda,fabia-type-6y,Fabia (Type 6Y),Fabia (Type 6Y),OBSERVED_BUNDLE,,false,6,35,20,FITMENT_READY
skoda,Skoda,fabia-type-6y-facelift,Fabia (Type 6Y) Facelift,Fabia (Type 6Y),OBSERVED_BUNDLE,,false,6,79,0,FITMENT_READY
skoda,Skoda,fabia-type-nj,Fabia (Type NJ),Fabia (Type NJ),OBSERVED_BUNDLE,,false,6,43,40,FITMENT_READY
skoda,Skoda,fabia-type-nj-facelift,Fabia (Type NJ) Facelift,Fabia (Type NJ),OBSERVED_BUNDLE,,false,6,0,0,FITMENT_READY
skoda,Skoda,fabia-type-pj,Fabia (Type PJ),Fabia (Type PJ),OBSERVED_BUNDLE,,false,6,73,0,FITMENT_READY
skoda,Skoda,fabia-type-pj-facelift,Fabia (Type PJ) Facelift,Fabia (Type PJ),OBSERVED_BUNDLE,,false,6,0,0,FITMENT_READY
skoda,Skoda,favorit-forman-pickup-typ-785,Favorit Forman Pickup (Typ 785),Favorit Forman Pickup (Typ 785),OBSERVED_BUNDLE,,false,6,54,0,FITMENT_READY
skoda,Skoda,felicia,Felicia,Felicia,OBSERVED_BUNDLE,,false,6,9,0,FITMENT_READY
skoda,Skoda,felicia-facelift,Felicia Facelift,Felicia,OBSERVED_BUNDLE,,false,6,0,0,FITMENT_READY
skoda,Skoda,karoq,Karoq,Karoq,OBSERVED_BUNDLE,,false,6,69,169,FITMENT_READY
skoda,Skoda,karoq-facelift,Karoq Facelift,Karoq,OBSERVED_BUNDLE,,false,6,0,0,FITMENT_READY
skoda,Skoda,kodiaq-l,Kodiaq l,Kodiaq l,OBSERVED_BUNDLE,,false,6,76,15,FITMENT_READY
skoda,Skoda,kodiaq-l-facelift,Kodiaq l Facelift,Kodiaq l,OBSERVED_BUNDLE,,false,6,0,0,FITMENT_READY
skoda,Skoda,kodiaq-ll,Kodiaq ll,Kodiaq ll,OBSERVED_BUNDLE,,false,6,75,0,FITMENT_READY
skoda,Skoda,kushaq,Kushaq,Kushaq,OBSERVED_BUNDLE,,false,6,69,20,FITMENT_READY
skoda,Skoda,kushaq-facelift,Kushaq Facelift,Kushaq,OBSERVED_BUNDLE,,false,6,0,0,FITMENT_READY
skoda,Skoda,kylaq,Kylaq,Kylaq,OBSERVED_BUNDLE,,false,6,47,0,FITMENT_READY
skoda,Skoda,octavia-a5-typ-1z,Octavia A5 (Typ 1Z),Octavia,OBSERVED_BUNDLE,,false,6,70,0,FITMENT_READY
skoda,Skoda,octavia-a5-typ-1z-facelift,Octavia A5 (Typ 1Z) Facelift,Octavia,OBSERVED_BUNDLE,,false,6,54,40,FITMENT_READY
skoda,Skoda,octavia-a7-typ-5e,Octavia A7 (Typ 5E),Octavia,OBSERVED_BUNDLE,,false,6,85,0,FITMENT_READY
skoda,Skoda,octavia-a7-typ-5e-facelift,Octavia A7 (Typ 5E) Facelift,Octavia,OBSERVED_BUNDLE,,false,6,44,148,FITMENT_READY
skoda,Skoda,octavia-a8-typ-nx,Octavia A8 (Typ NX),Octavia,OBSERVED_BUNDLE,,false,6,62,0,FITMENT_READY
skoda,Skoda,octavia-a8-typ-nx-facelift,Octavia A8 (Typ NX) Facelift,Octavia,OBSERVED_BUNDLE,,false,6,0,0,FITMENT_READY
skoda,Skoda,octavia-i-typ-1u,Octavia I (Typ 1U),Octavia,OBSERVED_BUNDLE,,false,6,52,0,FITMENT_READY
skoda,Skoda,octavia-i-typ-1u-facelift,Octavia I (Typ 1U) Facelift,Octavia,OBSERVED_BUNDLE,,false,6,49,20,FITMENT_READY
skoda,Skoda,pick-up,Pick Up,Pick Up,OBSERVED_BUNDLE,,false,6,50,0,FITMENT_READY
skoda,Skoda,rapid,Rapid,Rapid,OBSERVED_BUNDLE,,false,6,72,40,FITMENT_READY
skoda,Skoda,rapid-facelift,Rapid Facelift,Rapid,OBSERVED_BUNDLE,,false,6,0,0,FITMENT_READY
skoda,Skoda,roomster-type-5j,Roomster (Type 5J),Roomster (Type 5J),OBSERVED_BUNDLE,,false,6,96,0,FITMENT_READY
skoda,Skoda,roomster-type-5j-facelift,Roomster (Type 5J) Facelift,Roomster (Type 5J),OBSERVED_BUNDLE,,false,6,71,0,FITMENT_READY
skoda,Skoda,scala-kamiq,Scala/Kamiq,Scala/Kamiq,OBSERVED_BUNDLE,,false,6,63,371,FITMENT_READY
skoda,Skoda,scala-kamiq-facelift,Scala/Kamiq Facelift,Scala/Kamiq,OBSERVED_BUNDLE,,false,6,0,0,FITMENT_READY
skoda,Skoda,slavia,Slavia,Slavia,OBSERVED_BUNDLE,,false,6,29,0,FITMENT_READY
skoda,Skoda,superb-b5-typ-3u,Superb B5 (Typ 3U),Superb,OBSERVED_BUNDLE,,false,6,57,112,FITMENT_READY
skoda,Skoda,superb-b5-typ-3u-facelift,Superb B5 (Typ 3U) Facelift,Superb,OBSERVED_BUNDLE,,false,6,0,0,FITMENT_READY
skoda,Skoda,superb-b6-typ-3t,Superb B6 (Typ 3T),Superb,OBSERVED_BUNDLE,,false,6,70,300,FITMENT_READY
skoda,Skoda,superb-b6-typ-3t-facelift,Superb B6 (Typ 3T) Facelift,Superb,OBSERVED_BUNDLE,,false,6,0,0,FITMENT_READY
skoda,Skoda,superb-b8-typ-3v,Superb B8 (Typ 3V),Superb,OBSERVED_BUNDLE,,false,6,83,40,FITMENT_READY
skoda,Skoda,superb-b8-typ-3v-facelift,Superb B8 (Typ 3V) Facelift,Superb,OBSERVED_BUNDLE,,false,6,60,200,FITMENT_READY
skoda,Skoda,superb-b9-typ-3y,Superb B9 (Typ 3Y),Superb,OBSERVED_BUNDLE,,false,6,63,0,FITMENT_READY
skoda,Skoda,type-742-743,Type 742/743,Type 742/743,OBSERVED_BUNDLE,,false,6,62,0,FITMENT_READY
skoda,Skoda,yeti-5l,Yeti (5L),Yeti (5L),OBSERVED_BUNDLE,,false,6,55,0,FITMENT_READY
skoda,Skoda,yeti-5l-facelift,Yeti 5L Facelift,Yeti 5L,OBSERVED_BUNDLE,,false,6,76,0,FITMENT_READY
smart,Smart,forfour-w453,Forfour W453,Forfour,OBSERVED_BUNDLE,,false,6,130,0,FITMENT_READY
smart,Smart,forfour-w454,Forfour W454,Forfour,OBSERVED_BUNDLE,,false,6,125,0,FITMENT_READY
smart,Smart,fortwo-w450,Fortwo W450,Fortwo,OBSERVED_BUNDLE,,false,6,129,0,FITMENT_READY
smart,Smart,fortwo-w451,Fortwo W451,Fortwo,OBSERVED_BUNDLE,,false,6,132,0,FITMENT_READY
smart,Smart,fortwo-w453,Fortwo W453,Fortwo,OBSERVED_BUNDLE,,false,6,130,0,FITMENT_READY
smart,Smart,roadster-w452,Roadster W452,Roadster,OBSERVED_BUNDLE,,false,6,126,0,FITMENT_READY
ssangyong,Ssangyong,actyon-1st-generation,Actyon 1st Generation,Actyon,OBSERVED_BUNDLE,,false,6,15,22,FITMENT_READY
ssangyong,Ssangyong,actyon-sports-1st-generation,Actyon Sports 1st Generation,Actyon Sports,OBSERVED_BUNDLE,,false,6,53,102,FITMENT_READY
ssangyong,Ssangyong,chairman-h,Chairman H,Chairman H,OBSERVED_BUNDLE,,false,6,37,166,FITMENT_READY
ssangyong,Ssangyong,istana,Istana,Istana,OBSERVED_BUNDLE,,false,6,22,0,FITMENT_READY
ssangyong,Ssangyong,korando-2nd-generation,Korando 2nd Generation,Korando,OBSERVED_BUNDLE,,false,6,35,0,FITMENT_READY
ssangyong,Ssangyong,kyron,Kyron,Kyron,OBSERVED_BUNDLE,,false,6,50,0,FITMENT_READY
ssangyong,Ssangyong,musso-fj,Musso FJ,Musso FJ,OBSERVED_BUNDLE,,false,6,20,60,FITMENT_READY
ssangyong,Ssangyong,musso-sports-fj,Musso Sports FJ,Musso Sports FJ,OBSERVED_BUNDLE,,false,6,56,442,FITMENT_READY
ssangyong,Ssangyong,rexton-y250-1st-facelift,Rexton Y250 1st Facelift,Rexton,OBSERVED_BUNDLE,,false,6,58,0,FITMENT_READY
ssangyong,Ssangyong,rodius-stavic-1st-generation,Rodius/Stavic 1st Generation,Rodius/Stavic,OBSERVED_BUNDLE,,false,6,19,80,FITMENT_READY
subaru,Subaru,brz-zc6,BRZ ZC6,BRZ,OBSERVED_BUNDLE,,false,6,92,0,FITMENT_READY
subaru,Subaru,brz-zc6-facelift,BRZ ZC6 Facelift,BRZ,OBSERVED_BUNDLE,,false,6,98,0,FITMENT_READY
subaru,Subaru,e-series-d10,E10/E12,E10/E12,OBSERVED_BUNDLE,,false,6,86,0,FITMENT_READY
subaru,Subaru,exiga-y10,Exiga,Exiga,OBSERVED_BUNDLE,,false,6,89,0,FITMENT_READY
subaru,Subaru,forester-s10,Forester SF,Forester SF,OBSERVED_BUNDLE,,false,6,82,448,FITMENT_READY
subaru,Subaru,forester-s11,Forester SG,Forester SG,OBSERVED_BUNDLE,,false,6,81,240,FITMENT_READY
subaru,Subaru,forester-sh,Forester SH,Forester SH,OBSERVED_BUNDLE,,false,6,98,293,FITMENT_READY
subaru,Subaru,forester-sh-facelift,Forester SH Facelift,Forester SH,OBSERVED_BUNDLE,,false,6,96,186,FITMENT_READY
subaru,Subaru,forester-jf1-2-s13,Forester SJ,Forester SJ,OBSERVED_BUNDLE,,false,6,92,303,FITMENT_READY
subaru,Subaru,forester-plp-s23,Forester SJ Facelift,Forester SJ,OBSERVED_BUNDLE,,false,6,102,0,FITMENT_READY
subaru,Subaru,forester-sk,Forester SK,Forester SK,OBSERVED_BUNDLE,,false,6,105,471,FITMENT_READY
subaru,Subaru,impreza-gd-gg,Impreza GD/GG,Impreza,OBSERVED_BUNDLE,,false,6,109,160,FITMENT_READY
subaru,Subaru,impreza-gd-gg-1st-facelift,Impreza GD/GG 1st Facelift,Impreza,OBSERVED_BUNDLE,,false,6,109,246,FITMENT_READY
subaru,Subaru,impreza-gd-gg-2nd-facelift,Impreza GD/GG 2nd Facelift,Impreza,OBSERVED_BUNDLE,,false,6,112,200,FITMENT_READY
subaru,Subaru,impreza-g12,Impreza GE/GH/GR/GV,Impreza,OBSERVED_BUNDLE,,false,6,95,0,FITMENT_READY
subaru,Subaru,impreza-g22,Impreza GE/GH/GR/GV,Impreza,OBSERVED_BUNDLE,,false,6,91,20,FITMENT_READY
subaru,Subaru,impreza-gj-gp-1,Impreza GJ/GP,Impreza,OBSERVED_BUNDLE,,false,6,85,280,FITMENT_READY
subaru,Subaru,impreza-gj-gp-facelift,Impreza GJ/GP Facelift,Impreza,OBSERVED_BUNDLE,,false,6,83,300,FITMENT_READY
subaru,Subaru,impreza-g14,Impreza GK/GT,Impreza,OBSERVED_BUNDLE,,false,6,109,280,FITMENT_READY
subaru,Subaru,impreza-g10,Impreza GM/GC/GF,Impreza,OBSERVED_BUNDLE,,false,6,108,20,FITMENT_READY
subaru,Subaru,j-series-j10,Justy,Justy,OBSERVED_BUNDLE,,false,6,89,20,FITMENT_READY
subaru,Subaru,legacy-b10,Legacy BC/BF/BJ,Legacy,OBSERVED_BUNDLE,,false,6,48,95,FITMENT_READY
subaru,Subaru,legacy-b11,Legacy BD/BG/BK,Legacy,OBSERVED_BUNDLE,,false,6,44,260,FITMENT_READY
subaru,Subaru,legacy-b12,Legacy BE/BH,Legacy,OBSERVED_BUNDLE,,false,6,47,135,FITMENT_READY
subaru,Subaru,legacy-bl-bp,Legacy BL/BP,Legacy,OBSERVED_BUNDLE,,false,6,57,194,FITMENT_READY
subaru,Subaru,legacy-bl-bp-facelift,Legacy BL/BP Facelift,Legacy,OBSERVED_BUNDLE,,false,6,61,277,FITMENT_READY
subaru,Subaru,legacy-bm-br,Legacy BM/BR,Legacy,OBSERVED_BUNDLE,,false,6,29,190,FITMENT_READY
subaru,Subaru,legacy-bm-br-facelift,Legacy BM/BR Facelift,Legacy,OBSERVED_BUNDLE,,false,6,43,120,FITMENT_READY
subaru,Subaru,legacy-bn-bs,Legacy BN/BS,Legacy,OBSERVED_BUNDLE,,false,6,55,0,FITMENT_READY
subaru,Subaru,legacy-bn-bs-facelift,Legacy BN/BS Facelift,Legacy,OBSERVED_BUNDLE,,false,6,56,0,FITMENT_READY
subaru,Subaru,legacy-bw-bt,Legacy BW/BT,Legacy,OBSERVED_BUNDLE,,false,6,88,0,FITMENT_READY
subaru,Subaru,l-series-a10,Leone AA/AL/AG,Leone,OBSERVED_BUNDLE,,false,6,36,9,FITMENT_READY
subaru,Subaru,m70-m60-r10,M60/M70/M80,M60/M70/M80,OBSERVED_BUNDLE,,false,6,101,0,FITMENT_READY
subaru,Subaru,svx-c11,SVX,SVX,OBSERVED_BUNDLE,,false,6,52,40,FITMENT_READY
subaru,Subaru,tribeca-w10,Tribeca Facelift,Tribeca,OBSERVED_BUNDLE,,false,6,80,0,FITMENT_READY
subaru,Subaru,vivio-r12,Vivio,Vivio,OBSERVED_BUNDLE,,false,6,88,0,FITMENT_READY
subaru,Subaru,vivio-r13,Vivio Facelift,Vivio,OBSERVED_BUNDLE,,false,6,68,40,FITMENT_READY
subaru,Subaru,wrx-levorg-vm,WRX/Levorg VM,WRX/Levorg VM,OBSERVED_BUNDLE,,false,6,86,0,FITMENT_READY
subaru,Subaru,wrx-levorg-vm-facelift,WRX/Levorg VM Facelift,WRX/Levorg VM,OBSERVED_BUNDLE,,false,6,89,0,FITMENT_READY
subaru,Subaru,wrx-levorg-vn,WRX/Levorg VN,WRX/Levorg VN,OBSERVED_BUNDLE,,false,6,85,0,FITMENT_READY
subaru,Subaru,xv-gp,XV GP,XV GP,OBSERVED_BUNDLE,,false,6,100,0,FITMENT_READY
subaru,Subaru,xv-gp-facelift,XV GP Facelift,XV GP,OBSERVED_BUNDLE,,false,6,97,0,FITMENT_READY
subaru,Subaru,xv-gt,XV GT,XV GT,OBSERVED_BUNDLE,,false,6,85,20,FITMENT_READY
subaru,Subaru,xv-gt-facelift,XV GT Facelift,XV GT,OBSERVED_BUNDLE,,false,6,84,17,FITMENT_READY
suzuki,Suzuki,alto-ca71,Alto CA71,Alto,OBSERVED_BUNDLE,,false,6,68,20,FITMENT_READY
suzuki,Suzuki,alto-cl-cm11,Alto CL/CM11,Alto,OBSERVED_BUNDLE,,false,6,48,37,FITMENT_READY
suzuki,Suzuki,alto-ha11,Alto HA11,Alto,OBSERVED_BUNDLE,,false,6,47,19,FITMENT_READY
suzuki,Suzuki,alto-ha12-22,Alto HA12/22,Alto,OBSERVED_BUNDLE,,false,6,96,40,FITMENT_READY
suzuki,Suzuki,alto-ha24,Alto HA24,Alto,OBSERVED_BUNDLE,,false,6,94,40,FITMENT_READY
suzuki,Suzuki,alto-ha25-ha35,Alto HA25/HA35,Alto,OBSERVED_BUNDLE,,false,6,100,291,FITMENT_READY
suzuki,Suzuki,alto-ha36s-v,Alto HA36S/V,Alto,OBSERVED_BUNDLE,,false,6,99,272,FITMENT_READY
suzuki,Suzuki,alto-ss30v-40v,Alto SS30V/40V,Alto,OBSERVED_BUNDLE,,false,6,96,120,FITMENT_READY
suzuki,Suzuki,apv,APV,APV,OBSERVED_BUNDLE,,false,6,94,100,FITMENT_READY
suzuki,Suzuki,apv-facelift,APV Facelift,APV,OBSERVED_BUNDLE,,false,6,89,80,FITMENT_READY
suzuki,Suzuki,baleno-wb1,Baleno WB1,Baleno,OBSERVED_BUNDLE,,false,6,117,120,FITMENT_READY
suzuki,Suzuki,baleno-wb1-facelift,Baleno WB1 Facelift,Baleno,OBSERVED_BUNDLE,,false,6,107,75,FITMENT_READY
suzuki,Suzuki,carry-super-carry-every-10th-generation,Carry/Super Carry/Every 10th Generation ,Carry/Super,OBSERVED_BUNDLE,,false,6,117,73,FITMENT_READY
suzuki,Suzuki,carry-super-carry-every-11th-generation,Carry/Super Carry/Every 11th Generation,Carry/Super,OBSERVED_BUNDLE,,false,6,101,40,FITMENT_READY
suzuki,Suzuki,carry-super-carry-every-7th-generation,Carry/Super Carry/Every 7th Generation,Carry/Super,OBSERVED_BUNDLE,,false,6,105,40,FITMENT_READY
suzuki,Suzuki,carry-super-carry-every-8th-generation,Carry/Super Carry/Every 8th Generation,Carry/Super,OBSERVED_BUNDLE,,false,6,107,60,FITMENT_READY
suzuki,Suzuki,carry-super-carry-every-9th-generation,Carry/Super Carry/Every 9th Generation,Carry/Super,OBSERVED_BUNDLE,,false,6,122,100,FITMENT_READY
suzuki,Suzuki,ciaz,Ciaz,Ciaz,OBSERVED_BUNDLE,,false,6,109,54,FITMENT_READY
suzuki,Suzuki,ertiga-nc,Ertiga NC,Ertiga NC,OBSERVED_BUNDLE,,false,6,91,145,FITMENT_READY
suzuki,Suzuki,ertiga-ze,Ertiga ZE,Ertiga ZE,OBSERVED_BUNDLE,,false,6,88,32,FITMENT_READY
suzuki,Suzuki,ertiga-ze-facelift,Ertiga ZE Facelift,Ertiga ZE,OBSERVED_BUNDLE,,false,6,96,80,FITMENT_READY
suzuki,Suzuki,forsa-sprint-swift-1st-generation,Forsa/Sprint/Swift 1st Generation,Forsa/Sprint/Swift,OBSERVED_BUNDLE,,false,6,71,40,FITMENT_READY
suzuki,Suzuki,forsa-sprint-swift-2nd-generation,Forsa/Sprint/Swift 2nd Generation,Forsa/Sprint/Swift,OBSERVED_BUNDLE,,false,6,76,80,FITMENT_READY
suzuki,Suzuki,grand-vitara-ft-gt,Grand Vitara FT/GT,Grand Vitara,OBSERVED_BUNDLE,,false,6,69,297,FITMENT_READY
suzuki,Suzuki,grand-vitara-jt,Grand Vitara JT,Grand Vitara JT,OBSERVED_BUNDLE,,false,6,64,220,FITMENT_READY
suzuki,Suzuki,grand-vitara-jt-1st-facelift,Grand Vitara JT 1st Facelift,Grand Vitara JT,OBSERVED_BUNDLE,,false,6,90,20,FITMENT_READY
suzuki,Suzuki,grand-vitara-jt-2nd-facelift,Grand Vitara JT 2nd Facelift,Grand Vitara JT,OBSERVED_BUNDLE,,false,6,97,0,FITMENT_READY
suzuki,Suzuki,grand-vitara-xl-7,Grand Vitara XL-7 ,Grand Vitara XL-7,OBSERVED_BUNDLE,,false,6,113,233,FITMENT_READY
suzuki,Suzuki,grand-vitara-xl7,Grand Vitara XL7,Grand Vitara,OBSERVED_BUNDLE,,false,6,103,0,FITMENT_READY
suzuki,Suzuki,ignis-fh-mh,Ignis FH/MH,Ignis,OBSERVED_BUNDLE,,false,6,115,13,FITMENT_READY
suzuki,Suzuki,ignis-mf,Ignis MF,Ignis MF,OBSERVED_BUNDLE,,false,6,126,408,FITMENT_READY
suzuki,Suzuki,jimny-jb43,Jimny JB43,Jimny,OBSERVED_BUNDLE,,false,6,91,0,FITMENT_READY
suzuki,Suzuki,jimny-jb64,Jimny JB64,Jimny,OBSERVED_BUNDLE,,false,6,99,159,FITMENT_READY
suzuki,Suzuki,kizashi,Kizashi,Kizashi,OBSERVED_BUNDLE,,false,6,107,60,FITMENT_READY
suzuki,Suzuki,liana,Liana,Liana,OBSERVED_BUNDLE,,false,6,101,0,FITMENT_READY
suzuki,Suzuki,liana-facelift,Liana Facelift,Liana,OBSERVED_BUNDLE,,false,6,111,0,FITMENT_READY
suzuki,Suzuki,lj80,LJ80,LJ80,OBSERVED_BUNDLE,,false,6,94,0,FITMENT_READY
suzuki,Suzuki,samurai-sj,Samurai SJ,Samurai SJ,OBSERVED_BUNDLE,,false,6,55,0,FITMENT_READY
suzuki,Suzuki,splash-xb-ex,Splash XB/EX,Splash,OBSERVED_BUNDLE,,false,6,102,30,FITMENT_READY
suzuki,Suzuki,swift-2nd-generation,Swift 2nd Generation,Swift,OBSERVED_BUNDLE,,false,6,33,178,FITMENT_READY
suzuki,Suzuki,swift-a2l,Swift A2L,Swift,OBSERVED_BUNDLE,,false,6,94,8,FITMENT_READY
suzuki,Suzuki,swift-azg,Swift AZG,Swift AZG,OBSERVED_BUNDLE,,false,6,91,40,FITMENT_READY
suzuki,Suzuki,swift-rs,Swift RS,Swift RS,OBSERVED_BUNDLE,,false,6,87,139,FITMENT_READY
suzuki,Suzuki,sx4-s-cross-jy,SX4 S-Cross JY,SX4 S-Cross JY,OBSERVED_BUNDLE,,false,6,46,86,FITMENT_READY
suzuki,Suzuki,sx4-s-cross-jy-facelift,SX4 S-Cross JY Facelift,SX4 S-Cross JY,OBSERVED_BUNDLE,,false,6,111,140,FITMENT_READY
suzuki,Suzuki,vitara-et-ta,Vitara ET/TA,Vitara,OBSERVED_BUNDLE,,false,6,47,240,FITMENT_READY
suzuki,Suzuki,vitara-ft-gt,Vitara FT/GT,Vitara,OBSERVED_BUNDLE,,false,6,43,54,FITMENT_READY
suzuki,Suzuki,vitara-ly,Vitara LY,Vitara LY,OBSERVED_BUNDLE,,false,6,123,0,FITMENT_READY
toyota,Toyota,1000-p30,1000 P30,1000,OBSERVED_BUNDLE,,false,6,129,156,FITMENT_READY
toyota,Toyota,4runner-n130,4Runner N130,4Runner,OBSERVED_BUNDLE,,false,6,121,40,FITMENT_READY
toyota,Toyota,4runner-n180,4Runner N180,4Runner,OBSERVED_BUNDLE,,false,6,104,20,FITMENT_READY
toyota,Toyota,4runner-n60,4Runner N60,4Runner,OBSERVED_BUNDLE,,false,6,118,287,FITMENT_READY
toyota,Toyota,86-zn6,86 ZN6,86,OBSERVED_BUNDLE,,false,6,128,325,FITMENT_READY
toyota,Toyota,86-zn6-facelift,86 ZN6 Facelift,86,OBSERVED_BUNDLE,,false,6,127,239,FITMENT_READY
toyota,Toyota,auris-e150,Auris E150,Auris,OBSERVED_BUNDLE,,false,6,131,0,FITMENT_READY
toyota,Toyota,auris-e180,Auris E180,Auris,OBSERVED_BUNDLE,,false,6,130,79,FITMENT_READY
toyota,Toyota,avensis-t220,Avensis T220,Avensis,OBSERVED_BUNDLE,,false,6,108,0,FITMENT_READY
toyota,Toyota,avensis-t250,Avensis T250,Avensis,OBSERVED_BUNDLE,,false,6,130,0,FITMENT_READY
toyota,Toyota,avensis-t270,Avensis T270,Avensis,OBSERVED_BUNDLE,,false,6,115,0,FITMENT_READY
toyota,Toyota,aygo-ab10,Aygo AB10,Aygo,OBSERVED_BUNDLE,,false,6,125,0,FITMENT_READY
toyota,Toyota,aygo-ab40,Aygo AB40,Aygo,OBSERVED_BUNDLE,,false,6,128,0,FITMENT_READY
toyota,Toyota,aygo-x-ab70,Aygo X AB70,Aygo,OBSERVED_BUNDLE,,false,6,127,0,FITMENT_READY
toyota,Toyota,blizzard-d10,Blizzard D10,Blizzard,OBSERVED_BUNDLE,,false,6,125,0,FITMENT_READY
toyota,Toyota,bz4x-ea10,bZ4X EA10,bZ4X,OBSERVED_BUNDLE,,false,6,117,0,FITMENT_READY
toyota,Toyota,c-hr-ax10-ax50,C-HR AX10/AX50,C-HR,OBSERVED_BUNDLE,,false,6,108,0,FITMENT_READY
toyota,Toyota,c-hr-ax20,C-HR AX20,C-HR,OBSERVED_BUNDLE,,false,6,115,0,FITMENT_READY
toyota,Toyota,camry-v10,Camry V10,Camry,OBSERVED_BUNDLE,,false,6,129,0,FITMENT_READY
toyota,Toyota,camry-v20,Camry V20,Camry,OBSERVED_BUNDLE,,false,6,129,0,FITMENT_READY
toyota,Toyota,camry-xv10,Camry XV10,Camry,OBSERVED_BUNDLE,,false,6,129,0,FITMENT_READY
toyota,Toyota,camry-xv20,Camry XV20,Camry,OBSERVED_BUNDLE,,false,6,110,0,FITMENT_READY
toyota,Toyota,camry-xv30,Camry XV30,Camry,OBSERVED_BUNDLE,,false,6,127,0,FITMENT_READY
toyota,Toyota,camry-xv40,Camry XV40,Camry,OBSERVED_BUNDLE,,false,6,127,0,FITMENT_READY
toyota,Toyota,camry-xv50,Camry XV50,Camry,OBSERVED_BUNDLE,,false,6,111,0,FITMENT_READY
toyota,Toyota,camry-xv70,Camry XV70,Camry,OBSERVED_BUNDLE,,false,6,122,0,FITMENT_READY
toyota,Toyota,camry-xv80,Camry XV80,Camry,OBSERVED_BUNDLE,,false,6,98,0,FITMENT_READY
toyota,Toyota,carina-a10,Carina A10,Carina,OBSERVED_BUNDLE,,false,6,129,0,FITMENT_READY
toyota,Toyota,carina-a40,Carina A40,Carina,OBSERVED_BUNDLE,,false,6,130,0,FITMENT_READY
toyota,Toyota,carina-a60,Carina A60,Carina,OBSERVED_BUNDLE,,false,6,129,0,FITMENT_READY
toyota,Toyota,carina-e-t190,Carina E T190,Carina E,OBSERVED_BUNDLE,,false,6,129,0,FITMENT_READY
toyota,Toyota,carina-t170,Carina T170,Carina,OBSERVED_BUNDLE,,false,6,126,0,FITMENT_READY
toyota,Toyota,celica-a40,Celica A40,Celica,OBSERVED_BUNDLE,,false,6,130,0,FITMENT_READY
toyota,Toyota,celica-a60,Celica A60,Celica,OBSERVED_BUNDLE,,false,6,131,0,FITMENT_READY
toyota,Toyota,celica-t160,Celica T160,Celica,OBSERVED_BUNDLE,,false,6,128,0,FITMENT_READY
toyota,Toyota,celica-t180,Celica T180,Celica,OBSERVED_BUNDLE,,false,6,130,0,FITMENT_READY
toyota,Toyota,celica-t200,Celica T200,Celica,OBSERVED_BUNDLE,,false,6,129,0,FITMENT_READY
toyota,Toyota,celica-t230,Celica T230,Celica,OBSERVED_BUNDLE,,false,6,130,0,FITMENT_READY
toyota,Toyota,century-g50,Century G50,Century,OBSERVED_BUNDLE,,false,6,127,0,FITMENT_READY
toyota,Toyota,corolla-e100,Corolla E100,Corolla,OBSERVED_BUNDLE,,false,6,130,0,FITMENT_READY
toyota,Toyota,corolla-e110,Corolla E110,Corolla,OBSERVED_BUNDLE,,false,6,130,0,FITMENT_READY
toyota,Toyota,corolla-e120,Corolla E120,Corolla,OBSERVED_BUNDLE,,false,6,130,0,FITMENT_READY
toyota,Toyota,corolla-e150,Corolla E150,Corolla,OBSERVED_BUNDLE,,false,6,131,0,FITMENT_READY
toyota,Toyota,corolla-e170-180,Corolla E170/180,Corolla,OBSERVED_BUNDLE,,false,6,132,0,FITMENT_READY
toyota,Toyota,corolla-e210,Corolla E210,Corolla,OBSERVED_BUNDLE,,false,6,131,0,FITMENT_READY
toyota,Toyota,corolla-e30,Corolla E30,Corolla,OBSERVED_BUNDLE,,false,6,129,0,FITMENT_READY
toyota,Toyota,corolla-e70,Corolla E70,Corolla,OBSERVED_BUNDLE,,false,6,129,0,FITMENT_READY
toyota,Toyota,corolla-e80,Corolla E80,Corolla,OBSERVED_BUNDLE,,false,6,129,0,FITMENT_READY
toyota,Toyota,corolla-e90,Corolla E90,Corolla,OBSERVED_BUNDLE,,false,6,130,0,FITMENT_READY
toyota,Toyota,corolla-verso-ar10,Corolla Verso AR10,Corolla Verso,OBSERVED_BUNDLE,,false,6,128,0,FITMENT_READY
toyota,Toyota,corolla-verso-e120,Corolla Verso E120,Corolla Verso,OBSERVED_BUNDLE,,false,6,127,0,FITMENT_READY
toyota,Toyota,corona-t100-t110,Corona T100/T110,Corona,OBSERVED_BUNDLE,,false,6,130,0,FITMENT_READY
toyota,Toyota,corona-t130,Corona T130,Corona,OBSERVED_BUNDLE,,false,6,131,0,FITMENT_READY
toyota,Toyota,corona-t140-t150,Corona T140/T150,Corona,OBSERVED_BUNDLE,,false,6,130,0,FITMENT_READY
toyota,Toyota,cressida-x30,Cressida X30,Cressida,OBSERVED_BUNDLE,,false,6,131,0,FITMENT_READY
toyota,Toyota,cressida-x60,Cressida X60,Cressida,OBSERVED_BUNDLE,,false,6,131,0,FITMENT_READY
toyota,Toyota,cressida-x70,Cressida X70,Cressida,OBSERVED_BUNDLE,,false,6,131,0,FITMENT_READY
toyota,Toyota,cressida-x80,Cressida X80,Cressida,OBSERVED_BUNDLE,,false,6,129,0,FITMENT_READY
toyota,Toyota,crown-s110,Crown S110,Crown,OBSERVED_BUNDLE,,false,6,132,0,FITMENT_READY
toyota,Toyota,crown-s120,Crown S120,Crown,OBSERVED_BUNDLE,,false,6,131,0,FITMENT_READY
toyota,Toyota,crown-s80-s90-s100,Crown S80/S90/S100,Crown,OBSERVED_BUNDLE,,false,6,131,0,FITMENT_READY
toyota,Toyota,fortuner-an150-an160,Fortuner AN150/AN160,Fortuner,OBSERVED_BUNDLE,,false,6,132,0,FITMENT_READY
toyota,Toyota,gr-86-zn8,GR 86 ZN8,GR 86,OBSERVED_BUNDLE,,false,6,129,0,FITMENT_READY
toyota,Toyota,hiace-h100,HiAce H100,HiAce,OBSERVED_BUNDLE,,false,6,130,0,FITMENT_READY
toyota,Toyota,hiace-h11-h20-h30-h40,HiAce H11/H20/H30/H40,HiAce,OBSERVED_BUNDLE,,false,6,126,0,FITMENT_READY
toyota,Toyota,hiace-h50-h60-h70-h80-h90,HiAce H50/H60/H70/H80/H90,HiAce,OBSERVED_BUNDLE,,false,6,126,0,FITMENT_READY
toyota,Toyota,highlander-xu50,Highlander XU50,Highlander,OBSERVED_BUNDLE,,false,6,130,0,FITMENT_READY
toyota,Toyota,highlander-xu70,Highlander XU70,Highlander,OBSERVED_BUNDLE,,false,6,131,0,FITMENT_READY
toyota,Toyota,hilux-an10-an20-an30,Hilux AN10/AN20/AN30,Hilux,OBSERVED_BUNDLE,,false,6,131,0,FITMENT_READY
toyota,Toyota,hilux-an110-an120-an130,Hilux AN110/AN120/AN130,Hilux,OBSERVED_BUNDLE,,false,6,134,0,FITMENT_READY
toyota,Toyota,hilux-n10-n20-n30-n40,Hilux N10/N20/N30/N40,Hilux,OBSERVED_BUNDLE,,false,6,126,0,FITMENT_READY
toyota,Toyota,hilux-n140-n150-n160-n170,Hilux N140/N150/N160/N170,Hilux,OBSERVED_BUNDLE,,false,6,131,0,FITMENT_READY
toyota,Toyota,hilux-n50-n60-n70,Hilux N50/N60/N70,Hilux,OBSERVED_BUNDLE,,false,6,126,0,FITMENT_READY
toyota,Toyota,hilux-n80-n90-n100-n110,Hilux N80/N90/N100/N110,Hilux,OBSERVED_BUNDLE,,false,6,129,0,FITMENT_READY
toyota,Toyota,iq-aj10,iQ AJ10,iQ,OBSERVED_BUNDLE,,false,6,128,0,FITMENT_READY
toyota,Toyota,land-cruiser-j100,Land Cruiser J100,Land Cruiser,OBSERVED_BUNDLE,,false,6,128,0,FITMENT_READY
toyota,Toyota,land-cruiser-j150,Land Cruiser J150,Land Cruiser,OBSERVED_BUNDLE,,false,6,132,0,FITMENT_READY
toyota,Toyota,land-cruiser-j200,Land Cruiser J200,Land Cruiser,OBSERVED_BUNDLE,,false,6,132,0,FITMENT_READY
toyota,Toyota,land-cruiser-j300,Land Cruiser J300,Land Cruiser,OBSERVED_BUNDLE,,false,6,134,0,FITMENT_READY
toyota,Toyota,land-cruiser-j40,Land Cruiser J40,Land Cruiser,OBSERVED_BUNDLE,,false,6,129,0,FITMENT_READY
toyota,Toyota,land-cruiser-j60,Land Cruiser J60,Land Cruiser,OBSERVED_BUNDLE,,false,6,128,0,FITMENT_READY
toyota,Toyota,land-cruiser-j70,Land Cruiser J70,Land Cruiser,OBSERVED_BUNDLE,,false,6,130,0,FITMENT_READY
toyota,Toyota,land-cruiser-j80,Land Cruiser J80,Land Cruiser,OBSERVED_BUNDLE,,false,6,131,0,FITMENT_READY
toyota,Toyota,land-cruiser-j90,Land Cruiser J90,Land Cruiser,OBSERVED_BUNDLE,,false,6,130,0,FITMENT_READY
toyota,Toyota,land-cruiser-prado-j120,Land Cruiser Prado J120,Land Cruiser Prado,OBSERVED_BUNDLE,,false,6,130,0,FITMENT_READY
toyota,Toyota,land-cruiser-prado-j150,Land Cruiser Prado J150,Land Cruiser Prado,OBSERVED_BUNDLE,,false,6,131,0,FITMENT_READY
toyota,Toyota,land-cruiser-prado-j250,Land Cruiser Prado J250,Land Cruiser Prado,OBSERVED_BUNDLE,,false,6,132,0,FITMENT_READY
toyota,Toyota,liteace-m10,LiteAce M10,LiteAce,OBSERVED_BUNDLE,,false,6,127,0,FITMENT_READY
toyota,Toyota,liteace-m30,LiteAce M30,LiteAce,OBSERVED_BUNDLE,,false,6,125,0,FITMENT_READY
toyota,Toyota,liteace-r20-r30,LiteAce R20/R30,LiteAce,OBSERVED_BUNDLE,,false,6,127,0,FITMENT_READY
toyota,Toyota,mirai-pd10,Mirai PD10,Mirai,OBSERVED_BUNDLE,,false,6,130,0,FITMENT_READY
toyota,Toyota,mirai-pd20,Mirai PD20,Mirai,OBSERVED_BUNDLE,,false,6,137,0,FITMENT_READY
toyota,Toyota,model-f-r20-r30,Model F R20/R30,Model F,OBSERVED_BUNDLE,,false,6,127,0,FITMENT_READY
toyota,Toyota,mr2-w10,MR2 W10,MR2,OBSERVED_BUNDLE,,false,6,128,0,FITMENT_READY
toyota,Toyota,mr2-w20,MR2 W20,MR2,OBSERVED_BUNDLE,,false,6,128,0,FITMENT_READY
toyota,Toyota,mr2-w30,MR2 W30,MR2,OBSERVED_BUNDLE,,false,6,126,0,FITMENT_READY
toyota,Toyota,paseo-l40,Paseo L40,Paseo,OBSERVED_BUNDLE,,false,6,128,0,FITMENT_READY
toyota,Toyota,paseo-l50,Paseo L50,Paseo,OBSERVED_BUNDLE,,false,6,127,0,FITMENT_READY
toyota,Toyota,picnic-xm10,Picnic XM10,Picnic,OBSERVED_BUNDLE,,false,6,130,0,FITMENT_READY
toyota,Toyota,picnic-xm20,Picnic XM20,Picnic,OBSERVED_BUNDLE,,false,6,129,0,FITMENT_READY
toyota,Toyota,previa-xr10-xr20,Previa XR10/XR20,Previa,OBSERVED_BUNDLE,,false,6,127,0,FITMENT_READY
toyota,Toyota,previa-xr30,Previa XR30,Previa,OBSERVED_BUNDLE,,false,6,127,0,FITMENT_READY
toyota,Toyota,prius-xw10,Prius XW10,Prius,OBSERVED_BUNDLE,,false,6,126,0,FITMENT_READY
toyota,Toyota,prius-xw20,Prius XW20,Prius,OBSERVED_BUNDLE,,false,6,128,0,FITMENT_READY
toyota,Toyota,prius-xw30,Prius XW30,Prius,OBSERVED_BUNDLE,,false,6,128,0,FITMENT_READY
toyota,Toyota,prius-xw50,Prius XW50,Prius,OBSERVED_BUNDLE,,false,6,130,0,FITMENT_READY
toyota,Toyota,prius-xw60,Prius XW60,Prius,OBSERVED_BUNDLE,,false,6,129,0,FITMENT_READY
toyota,Toyota,rav4-xa10,RAV4 XA10,RAV4,OBSERVED_BUNDLE,,false,6,127,0,FITMENT_READY
toyota,Toyota,rav4-xa20,RAV4 XA20,RAV4,OBSERVED_BUNDLE,,false,6,128,0,FITMENT_READY
toyota,Toyota,rav4-xa30,RAV4 XA30,RAV4,OBSERVED_BUNDLE,,false,6,128,0,FITMENT_READY
toyota,Toyota,rav4-xa40,RAV4 XA40,RAV4,OBSERVED_BUNDLE,,false,6,129,0,FITMENT_READY
toyota,Toyota,rav4-xa50,RAV4 XA50,RAV4,OBSERVED_BUNDLE,,false,6,130,0,FITMENT_READY
toyota,Toyota,starlet-p60,Starlet P60,Starlet,OBSERVED_BUNDLE,,false,6,128,0,FITMENT_READY
toyota,Toyota,starlet-p70,Starlet P70,Starlet,OBSERVED_BUNDLE,,false,6,126,0,FITMENT_READY
toyota,Toyota,starlet-p80,Starlet P80,Starlet,OBSERVED_BUNDLE,,false,6,128,0,FITMENT_READY
toyota,Toyota,starlet-p90,Starlet P90,Starlet,OBSERVED_BUNDLE,,false,6,130,0,FITMENT_READY
toyota,Toyota,stout-k110,Stout K110,Stout,OBSERVED_BUNDLE,,false,6,124,0,FITMENT_READY
toyota,Toyota,supra-a70,Supra A70,Supra,OBSERVED_BUNDLE,,false,6,130,0,FITMENT_READY
toyota,Toyota,supra-a80,Supra A80,Supra,OBSERVED_BUNDLE,,false,6,130,0,FITMENT_READY
toyota,Toyota,supra-a90,Supra A90,Supra,OBSERVED_BUNDLE,,false,6,129,0,FITMENT_READY
toyota,Toyota,tercel-l10,Tercel L10,Tercel,OBSERVED_BUNDLE,,false,6,127,0,FITMENT_READY
toyota,Toyota,tercel-l20,Tercel L20,Tercel,OBSERVED_BUNDLE,,false,6,128,0,FITMENT_READY
toyota,Toyota,tercel-l30,Tercel L30,Tercel,OBSERVED_BUNDLE,,false,6,128,0,FITMENT_READY
toyota,Toyota,tercel-l40,Tercel L40,Tercel,OBSERVED_BUNDLE,,false,6,127,0,FITMENT_READY
toyota,Toyota,tercel-l50,Tercel L50,Tercel,OBSERVED_BUNDLE,,false,6,128,0,FITMENT_READY
toyota,Toyota,urban-cruiser-xp110,Urban Cruiser XP110,Urban Cruiser,OBSERVED_BUNDLE,,false,6,128,0,FITMENT_READY
toyota,Toyota,van-r20-r30,Van R20/R30,Van,OBSERVED_BUNDLE,,false,6,127,0,FITMENT_READY
toyota,Toyota,verso-ar20,Verso AR20,Verso,OBSERVED_BUNDLE,,false,6,129,0,FITMENT_READY
toyota,Toyota,verso-s-xp120,Verso-S XP120,Verso-S,OBSERVED_BUNDLE,,false,6,128,0,FITMENT_READY
toyota,Toyota,yaris-cross-xp210,Yaris Cross XP210,Yaris Cross,OBSERVED_BUNDLE,,false,6,129,0,FITMENT_READY
toyota,Toyota,yaris-xp10,Yaris XP10,Yaris,OBSERVED_BUNDLE,,false,6,131,0,FITMENT_READY
toyota,Toyota,yaris-xp130,Yaris XP130,Yaris,OBSERVED_BUNDLE,,false,6,129,0,FITMENT_READY
toyota,Toyota,yaris-xp20,Yaris XP20,Yaris,OBSERVED_BUNDLE,,false,6,128,0,FITMENT_READY
toyota,Toyota,yaris-xp210,Yaris XP210,Yaris,OBSERVED_BUNDLE,,false,6,131,0,FITMENT_READY
toyota,Toyota,yaris-xp90,Yaris XP90,Yaris,OBSERVED_BUNDLE,,false,6,128,0,FITMENT_READY
vauxhall,Vauxhall,adam-m13,Adam M13,Adam,OBSERVED_BUNDLE,,false,6,40,52,FITMENT_READY
vauxhall,Vauxhall,agila-a,Agila A,Agila A,OBSERVED_BUNDLE,,false,6,69,0,FITMENT_READY
vauxhall,Vauxhall,agila-b,Agila B,Agila B,OBSERVED_BUNDLE,,false,6,68,0,FITMENT_READY
vauxhall,Vauxhall,ampera,Ampera,Ampera,OBSERVED_BUNDLE,,false,6,25,60,FITMENT_READY
vauxhall,Vauxhall,antara,Antara,Antara,OBSERVED_BUNDLE,,false,6,57,257,FITMENT_READY
vauxhall,Vauxhall,arena,Arena,Arena,OBSERVED_BUNDLE,,false,6,72,40,FITMENT_READY
vauxhall,Vauxhall,ascona-c,Ascona C,Ascona C,OBSERVED_BUNDLE,,false,6,64,448,FITMENT_READY
vauxhall,Vauxhall,astra-classic,Astra Classic,Astra Classic,OBSERVED_BUNDLE,,false,6,34,279,FITMENT_READY
vauxhall,Vauxhall,astra-f,Astra F,Astra F,OBSERVED_BUNDLE,,false,6,39,116,FITMENT_READY
vauxhall,Vauxhall,astra-g-zafira-a,Astra G + Zafira A,Astra G + Zafira A,OBSERVED_BUNDLE,,false,6,100,20,FITMENT_READY
vauxhall,Vauxhall,astra-h,Astra H,Astra H,OBSERVED_BUNDLE,,false,6,122,40,FITMENT_READY
vauxhall,Vauxhall,astra-j,Astra J,Astra J,OBSERVED_BUNDLE,,false,6,110,170,FITMENT_READY
vauxhall,Vauxhall,astra-k,Astra K,Astra K,OBSERVED_BUNDLE,,false,6,126,0,FITMENT_READY
vauxhall,Vauxhall,calibra,Calibra A,Calibra A,OBSERVED_BUNDLE,,false,6,99,160,FITMENT_READY
vauxhall,Vauxhall,campo-tf0,Campo TF0,Campo,OBSERVED_BUNDLE,,false,6,100,0,FITMENT_READY
vauxhall,Vauxhall,campo-tf1,Campo TF1,Campo,OBSERVED_BUNDLE,,false,6,112,60,FITMENT_READY
vauxhall,Vauxhall,cascada,Cascada,Cascada,OBSERVED_BUNDLE,,false,6,126,0,FITMENT_READY
vauxhall,Vauxhall,corsa-a,Corsa A,Corsa A,OBSERVED_BUNDLE,,false,6,85,263,FITMENT_READY
vauxhall,Vauxhall,corsa-b-tigra-a,Corsa B + Tigra A,Corsa B + Tigra A,OBSERVED_BUNDLE,,false,6,117,410,FITMENT_READY
vauxhall,Vauxhall,corsa-c,Corsa C,Corsa C,OBSERVED_BUNDLE,,false,6,116,0,FITMENT_READY
vauxhall,Vauxhall,corsa-d,Corsa D,Corsa D,OBSERVED_BUNDLE,,false,6,120,0,FITMENT_READY
vauxhall,Vauxhall,corsa-e,Corsa E,Corsa E,OBSERVED_BUNDLE,,false,6,126,0,FITMENT_READY
vauxhall,Vauxhall,crossland-x,Crossland X,Crossland,OBSERVED_BUNDLE,,false,6,128,554,FITMENT_READY
vauxhall,Vauxhall,euromidi,Euromidi,Euromidi,OBSERVED_BUNDLE,,false,6,125,408,FITMENT_READY
vauxhall,Vauxhall,frontera-a,Frontera A,Frontera A,OBSERVED_BUNDLE,,false,6,114,78,FITMENT_READY
vauxhall,Vauxhall,frontera-b,Frontera B,Frontera B,OBSERVED_BUNDLE,,false,6,132,419,FITMENT_READY
vauxhall,Vauxhall,gt,GT,GT,OBSERVED_BUNDLE,,false,6,78,425,FITMENT_READY
vauxhall,Vauxhall,insignia-a,Insignia A,Insignia A,OBSERVED_BUNDLE,,false,6,114,80,FITMENT_READY
vauxhall,Vauxhall,insignia-b,Insignia B,Insignia B,OBSERVED_BUNDLE,,false,6,115,273,FITMENT_READY
vauxhall,Vauxhall,kadett-e,Kadett E,Kadett E,OBSERVED_BUNDLE,,false,6,117,160,FITMENT_READY
vauxhall,Vauxhall,karl,Karl,Karl,OBSERVED_BUNDLE,,false,6,124,272,FITMENT_READY
vauxhall,Vauxhall,meriva-a,Meriva A,Meriva A,OBSERVED_BUNDLE,,false,6,97,310,FITMENT_READY
vauxhall,Vauxhall,meriva-b,Meriva B,Meriva B,OBSERVED_BUNDLE,,false,6,126,0,FITMENT_READY
vauxhall,Vauxhall,mokka-a,Mokka A,Mokka A,OBSERVED_BUNDLE,,false,6,127,258,FITMENT_READY
vauxhall,Vauxhall,monterey-a,Monterey A,Monterey A,OBSERVED_BUNDLE,,false,6,96,234,FITMENT_READY
vauxhall,Vauxhall,monterey-b,Monterey B,Monterey B,OBSERVED_BUNDLE,,false,6,116,0,FITMENT_READY
vauxhall,Vauxhall,omega-a,Omega A,Omega A,OBSERVED_BUNDLE,,false,6,118,0,FITMENT_READY
vauxhall,Vauxhall,omega-b,Omega B,Omega B,OBSERVED_BUNDLE,,false,6,117,210,FITMENT_READY
vauxhall,Vauxhall,senator-b,Senator B,Senator B,OBSERVED_BUNDLE,,false,6,88,20,FITMENT_READY
vauxhall,Vauxhall,signum,Signum,Signum,OBSERVED_BUNDLE,,false,6,118,240,FITMENT_READY
vauxhall,Vauxhall,sintra,Sintra,Sintra,OBSERVED_BUNDLE,,false,6,125,0,FITMENT_READY
vauxhall,Vauxhall,speedster,Speedster,Speedster,OBSERVED_BUNDLE,,false,6,128,0,FITMENT_READY
vauxhall,Vauxhall,tigra-b,Tigra B,Tigra B,OBSERVED_BUNDLE,,false,6,117,0,FITMENT_READY
vauxhall,Vauxhall,vectra-a,Vectra A,Vectra A,OBSERVED_BUNDLE,,false,6,105,26,FITMENT_READY
vauxhall,Vauxhall,vectra-b,Vectra B,Vectra B,OBSERVED_BUNDLE,,false,6,129,79,FITMENT_READY
vauxhall,Vauxhall,vectra-c,Vectra C,Vectra C,OBSERVED_BUNDLE,,false,6,113,173,FITMENT_READY
vauxhall,Vauxhall,vivaro-a,Vivaro A,Vivaro A,OBSERVED_BUNDLE,,false,6,94,118,FITMENT_READY
vauxhall,Vauxhall,vivaro-b,Vivaro B,Vivaro B,OBSERVED_BUNDLE,,false,6,116,120,FITMENT_READY
vauxhall,Vauxhall,zafira-b,Zafira B,Zafira B,OBSERVED_BUNDLE,,false,6,114,79,FITMENT_READY
vauxhall,Vauxhall,zafira-c,Zafira C,Zafira C,OBSERVED_BUNDLE,,false,6,125,88,FITMENT_READY
vaz,Vaz,chevrolet-niva,Chevrolet Niva,Chevrolet Niva,OBSERVED_BUNDLE,,false,6,95,14,FITMENT_READY
vaz,Vaz,lada-110-111-112,LADA 110/111/112,LADA 110/111/112,OBSERVED_BUNDLE,,false,6,88,0,FITMENT_READY
vaz,Vaz,lada-granta-2190,LADA Granta 2190,LADA Granta 2190,OBSERVED_BUNDLE,,false,6,87,0,FITMENT_READY
vaz,Vaz,lada-kalina-1117-1118-1119,"LADA Kalina 1117, 1118, 1119","LADA Kalina 1117, 1118, 1119",OBSERVED_BUNDLE,,false,6,62,98,FITMENT_READY
vaz,Vaz,lada-kalina-1119-sport,LADA Kalina 1119 Sport,LADA Kalina 1119 Sport,OBSERVED_BUNDLE,,false,6,98,19,FITMENT_READY
vaz,Vaz,lada-kalina-2192,LADA Kalina 2192,LADA Kalina 2192,OBSERVED_BUNDLE,,false,6,118,284,FITMENT_READY
vaz,Vaz,lada-kalina-2194,LADA Kalina 2194,LADA Kalina 2194,OBSERVED_BUNDLE,,false,6,58,566,FITMENT_READY
vaz,Vaz,lada-largus-4601,LADA Largus 4601,LADA Largus 4601,OBSERVED_BUNDLE,,false,6,107,0,FITMENT_READY
vaz,Vaz,lada-priora,LADA Priora,LADA Priora,OBSERVED_BUNDLE,,false,6,110,0,FITMENT_READY
vaz,Vaz,lada-priora-coupe,LADA Priora Coupe,LADA Priora Coupe,OBSERVED_BUNDLE,,false,6,113,0,FITMENT_READY
vaz,Vaz,lada-priora-fl,LADA Priora FL,LADA Priora FL,OBSERVED_BUNDLE,,false,6,55,20,FITMENT_READY
vaz,Vaz,lada-vesta,LADA Vesta,LADA Vesta,OBSERVED_BUNDLE,,false,6,124,20,FITMENT_READY
vaz,Vaz,lada-xray,LADA XRAY,LADA XRAY,OBSERVED_BUNDLE,,false,6,104,872,FITMENT_READY
vaz,Vaz,niva-2121,NIVA 2121,NIVA 2121,OBSERVED_BUNDLE,,false,6,116,597,FITMENT_READY
vaz,Vaz,niva-21213,NIVA 21213,NIVA 21213,OBSERVED_BUNDLE,,false,6,101,0,FITMENT_READY
vaz,Vaz,niva-21214,NIVA 21214,NIVA 21214,OBSERVED_BUNDLE,,false,6,120,274,FITMENT_READY
vaz,Vaz,niva-21214-urban,NIVA 21214 Urban,NIVA 21214 Urban,OBSERVED_BUNDLE,,false,6,37,540,FITMENT_READY
vaz,Vaz,niva-2131,NIVA 2131,NIVA 2131,OBSERVED_BUNDLE,,false,6,52,94,FITMENT_READY
vaz,Vaz,vaz-1111-oka,VAZ-1111 OKA,VAZ-1111 OKA,OBSERVED_BUNDLE,,false,6,100,0,FITMENT_READY
vaz,Vaz,vaz-2101-vaz-2102,VAZ-2101/VAZ-2102,VAZ-2101/VAZ-2102,OBSERVED_BUNDLE,,false,6,110,268,FITMENT_READY
vaz,Vaz,vaz-2103,VAZ-2103,VAZ-2103,OBSERVED_BUNDLE,,false,6,113,1029,FITMENT_READY
vaz,Vaz,vaz-2104,VAZ-2104,VAZ-2104,OBSERVED_BUNDLE,,false,6,75,108,FITMENT_READY
vaz,Vaz,vaz-2105,VAZ-2105,VAZ-2105,OBSERVED_BUNDLE,,false,6,110,984,FITMENT_READY
vaz,Vaz,vaz-2106,VAZ-2106,VAZ-2106,OBSERVED_BUNDLE,,false,6,110,605,FITMENT_READY
vaz,Vaz,vaz-2107,VAZ-2107,VAZ-2107,OBSERVED_BUNDLE,,false,6,73,761,FITMENT_READY
vaz,Vaz,vaz-2108,VAZ-2108,VAZ-2108,OBSERVED_BUNDLE,,false,6,85,188,FITMENT_READY
vaz,Vaz,vaz-2109,VAZ-2109,VAZ-2109,OBSERVED_BUNDLE,,false,6,73,594,FITMENT_READY
vaz,Vaz,vaz-2115,VAZ-2115,VAZ-2115,OBSERVED_BUNDLE,,false,6,110,742,FITMENT_READY
vaz,Vaz,vaz-2120-nadezhda,VAZ-2120 (Nadezhda),VAZ-2120 (Nadezhda),OBSERVED_BUNDLE,,false,6,111,0,FITMENT_READY
vaz,Vaz,vaz-2123,VAZ-2123,VAZ-2123,OBSERVED_BUNDLE,,false,6,91,80,FITMENT_READY
volkswagen,Volkswagen,1500-1600-type-3,1500/1600 (Type 3),1500/1600 (Type 3),OBSERVED_BUNDLE,,false,6,93,726,FITMENT_READY
volkswagen,Volkswagen,411-412-type-4,411/412 (Type 4),411/412 (Type 4),OBSERVED_BUNDLE,,false,6,96,0,FITMENT_READY
volkswagen,Volkswagen,amarok-typ-2h,Amarok (Typ 2H),Amarok (Typ 2H),OBSERVED_BUNDLE,,false,6,113,100,FITMENT_READY
volkswagen,Volkswagen,amarok-typ-2h-facelift,Amarok (Typ 2H) Facelift,Amarok (Typ 2H),OBSERVED_BUNDLE,,false,6,110,0,FITMENT_READY
volkswagen,Volkswagen,amarok-typ-nf,Amarok (Typ NF),Amarok (Typ NF),OBSERVED_BUNDLE,,false,6,115,0,FITMENT_READY
volkswagen,Volkswagen,ameo,Ameo,Ameo,OBSERVED_BUNDLE,,false,6,112,0,FITMENT_READY
volkswagen,Volkswagen,arteon-typ-3h,Arteon (Typ 3H),Arteon (Typ 3H),OBSERVED_BUNDLE,,false,6,112,0,FITMENT_READY
volkswagen,Volkswagen,arteon-typ-3h-facelift,Arteon (Typ 3H) Facelift,Arteon (Typ 3H),OBSERVED_BUNDLE,,false,6,0,0,FITMENT_READY
volkswagen,Volkswagen,atlas-cross-sport-1st-generation,Atlas Cross Sport 1st Generation,Atlas Cross Sport,OBSERVED_BUNDLE,,false,6,117,0,FITMENT_READY
volkswagen,Volkswagen,beetle-typ-5c,Beetle (Typ 5C),Beetle (Typ 5C),OBSERVED_BUNDLE,,false,6,114,140,FITMENT_READY
volkswagen,Volkswagen,beetle-typ-5c-facelift,Beetle (Typ 5C) Facelift,Beetle (Typ 5C),OBSERVED_BUNDLE,,false,6,116,60,FITMENT_READY
volkswagen,Volkswagen,beetle-typ-9c,Beetle (Typ 9C),Beetle (Typ 9C),OBSERVED_BUNDLE,,false,6,102,14,FITMENT_READY
volkswagen,Volkswagen,beetle-typ-9c-facelift,Beetle (Typ 9C) Facelift,Beetle (Typ 9C),OBSERVED_BUNDLE,,false,6,100,40,FITMENT_READY
volkswagen,Volkswagen,beetle-type-1,Beetle (Type 1),Beetle (Type 1),OBSERVED_BUNDLE,,false,6,90,20,FITMENT_READY
volkswagen,Volkswagen,bora-a4-typ-1j,Bora A4 (Typ 1J),Bora,OBSERVED_BUNDLE,,false,6,113,245,FITMENT_READY
volkswagen,Volkswagen,cc-b7-typ-358,CC B7 (Typ 358),CC,OBSERVED_BUNDLE,,false,6,112,0,FITMENT_READY
volkswagen,Volkswagen,corrado-typ-53i,Corrado (Typ 53i),Corrado (Typ 53i),OBSERVED_BUNDLE,,false,6,114,0,FITMENT_READY
volkswagen,Volkswagen,corrado-typ-53i-facelift,Corrado (Typ 53i) Facelift,Corrado (Typ 53i),OBSERVED_BUNDLE,,false,6,0,0,FITMENT_READY
volkswagen,Volkswagen,e-golf-a7,e-Golf A7,e-Golf,OBSERVED_BUNDLE,,false,6,108,354,FITMENT_READY
volkswagen,Volkswagen,eos-typ-1f,Eos (Typ 1F),Eos (Typ 1F),OBSERVED_BUNDLE,,false,6,116,289,FITMENT_READY
volkswagen,Volkswagen,eos-typ-1f-facelift,Eos (Typ 1F) Facelift,Eos (Typ 1F),OBSERVED_BUNDLE,,false,6,113,66,FITMENT_READY
volkswagen,Volkswagen,fox-typ-5z,Fox (Typ 5Z),Fox (Typ 5Z),OBSERVED_BUNDLE,,false,6,118,198,FITMENT_READY
volkswagen,Volkswagen,ghia-typ-14,Ghia (Typ 14),Ghia (Typ 14),OBSERVED_BUNDLE,,false,6,118,454,FITMENT_READY
volkswagen,Volkswagen,ghia-typ-14-1st-facelift,Ghia (Typ 14) 1st Facelift,Ghia (Typ 14),OBSERVED_BUNDLE,,false,6,0,0,FITMENT_READY
volkswagen,Volkswagen,ghia-typ-14-2nd-facelift,Ghia (Typ 14) 2nd Facelift,Ghia (Typ 14),OBSERVED_BUNDLE,,false,6,3,0,FITMENT_READY
volkswagen,Volkswagen,gol-g3,Gol G3,Gol,OBSERVED_BUNDLE,,false,6,96,0,FITMENT_READY
volkswagen,Volkswagen,gol-g4,Gol G4,Gol,OBSERVED_BUNDLE,,false,6,115,392,FITMENT_READY
volkswagen,Volkswagen,gol-g5,Gol G5,Gol,OBSERVED_BUNDLE,,false,6,114,20,FITMENT_READY
volkswagen,Volkswagen,golf-a1,Golf A1,Golf,OBSERVED_BUNDLE,,false,6,97,355,FITMENT_READY
volkswagen,Volkswagen,golf-a1-1st-facelift,Golf A1 1st Facelift,Golf,OBSERVED_BUNDLE,,false,6,118,691,FITMENT_READY
volkswagen,Volkswagen,golf-a1-2nd-facelift,Golf A1 2nd Facelift,Golf,OBSERVED_BUNDLE,,false,6,2,0,FITMENT_READY
volkswagen,Volkswagen,golf-a2,Golf A2,Golf,OBSERVED_BUNDLE,,false,6,2,20,FITMENT_READY
volkswagen,Volkswagen,golf-a2-facelift,Golf A2 Facelift,Golf,OBSERVED_BUNDLE,,false,6,115,120,FITMENT_READY
volkswagen,Volkswagen,golf-a3,Golf A3,Golf,OBSERVED_BUNDLE,,false,6,97,453,FITMENT_READY
volkswagen,Volkswagen,golf-a3-facelift,Golf A3 Facelift,Golf,OBSERVED_BUNDLE,,false,6,98,548,FITMENT_READY
volkswagen,Volkswagen,golf-a4,Golf A4,Golf,OBSERVED_BUNDLE,,false,6,118,60,FITMENT_READY
volkswagen,Volkswagen,golf-a5,Golf A5,Golf,OBSERVED_BUNDLE,,false,6,113,0,FITMENT_READY
volkswagen,Volkswagen,golf-a6,Golf A6,Golf,OBSERVED_BUNDLE,,false,6,119,0,FITMENT_READY
volkswagen,Volkswagen,golf-a7,Golf A7,Golf,OBSERVED_BUNDLE,,false,6,117,0,FITMENT_READY
volkswagen,Volkswagen,golf-a7-facelift,Golf A7 Facelift,Golf,OBSERVED_BUNDLE,,false,6,116,0,FITMENT_READY
volkswagen,Volkswagen,golf-plus-a5,Golf Plus A5,Golf Plus,OBSERVED_BUNDLE,,false,6,115,0,FITMENT_READY
volkswagen,Volkswagen,golf-plus-a5-facelift,Golf Plus A5 Facelift,Golf Plus,OBSERVED_BUNDLE,,false,6,119,0,FITMENT_READY
volkswagen,Volkswagen,golf-sportsvan-typ-am,Golf Sportsvan (Typ AM),Golf Sportsvan (Typ AM),OBSERVED_BUNDLE,,false,6,113,202,FITMENT_READY
volkswagen,Volkswagen,golf-sportsvan-typ-am-facelift,Golf Sportsvan (Typ AM) Facelift,Golf Sportsvan (Typ AM),OBSERVED_BUNDLE,,false,6,0,0,FITMENT_READY
volkswagen,Volkswagen,id-buzz-type-eb,ID. Buzz (Type EB),ID. Buzz (Type EB),OBSERVED_BUNDLE,,false,6,111,0,FITMENT_READY
volkswagen,Volkswagen,id-3-type-e1,ID.3 (Type E1),ID.3 (Type E1),OBSERVED_BUNDLE,,false,6,110,0,FITMENT_READY
volkswagen,Volkswagen,id-4-5-type-e2-e3,ID.4/5 (Type E2/E3),ID.4/5 (Type E2/E3),OBSERVED_BUNDLE,,false,6,110,0,FITMENT_READY
volkswagen,Volkswagen,id-7-type-ed,ID.7 (Type ED),ID.7 (Type ED),OBSERVED_BUNDLE,,false,6,112,0,FITMENT_READY
volkswagen,Volkswagen,iltis-type-183,Iltis (Type 183),Iltis (Type 183),OBSERVED_BUNDLE,,false,6,94,0,FITMENT_READY
volkswagen,Volkswagen,jetta-a1,Jetta A1,Jetta,OBSERVED_BUNDLE,,false,6,114,0,FITMENT_READY
volkswagen,Volkswagen,jetta-a2,Jetta A2,Jetta,OBSERVED_BUNDLE,,false,6,106,438,FITMENT_READY
volkswagen,Volkswagen,jetta-a5,Jetta A5,Jetta,OBSERVED_BUNDLE,,false,6,99,20,FITMENT_READY
volkswagen,Volkswagen,jetta-a6,Jetta A6,Jetta,OBSERVED_BUNDLE,,false,6,117,220,FITMENT_READY
volkswagen,Volkswagen,jetta-a6-facelift,Jetta A6 Facelift,Jetta,OBSERVED_BUNDLE,,false,6,114,86,FITMENT_READY
volkswagen,Volkswagen,jetta-a7,Jetta A7,Jetta,OBSERVED_BUNDLE,,false,6,108,20,FITMENT_READY
volkswagen,Volkswagen,jetta-a7-1st-facelift,Jetta A7 1st Facelift,Jetta,OBSERVED_BUNDLE,,false,6,0,0,FITMENT_READY
volkswagen,Volkswagen,jetta-a7-2nd-facelift,Jetta A7 2nd Facelift,Jetta,OBSERVED_BUNDLE,,false,6,0,0,FITMENT_READY
volkswagen,Volkswagen,k70,K70,K70,OBSERVED_BUNDLE,,false,6,78,701,FITMENT_READY
volkswagen,Volkswagen,lupo,Lupo,Lupo,OBSERVED_BUNDLE,,false,6,111,20,FITMENT_READY
volkswagen,Volkswagen,parati-g3,Parati G3,Parati,OBSERVED_BUNDLE,,false,6,112,180,FITMENT_READY
volkswagen,Volkswagen,parati-g4,Parati G4,Parati,OBSERVED_BUNDLE,,false,6,111,0,FITMENT_READY
volkswagen,Volkswagen,passat-b2-typ-32b,Passat B2 (Typ 32B),Passat,OBSERVED_BUNDLE,,false,6,117,0,FITMENT_READY
volkswagen,Volkswagen,passat-b3-typ-35i,Passat B3 (Typ 35i),Passat,OBSERVED_BUNDLE,,false,6,64,0,FITMENT_READY
volkswagen,Volkswagen,passat-b4-typ-35i,Passat B4 (Typ 35i),Passat,OBSERVED_BUNDLE,,false,6,112,346,FITMENT_READY
volkswagen,Volkswagen,passat-b5-typ-3b,Passat B5 (Typ 3B),Passat,OBSERVED_BUNDLE,,false,6,86,0,FITMENT_READY
volkswagen,Volkswagen,passat-cc-b6-typ-3c,Passat CC B6 (Typ 3C),Passat CC,OBSERVED_BUNDLE,,false,6,114,0,FITMENT_READY
volkswagen,Volkswagen,passat-santana-b1-typ-32,Passat/Santana B1 (Typ 32),Passat/Santana,OBSERVED_BUNDLE,,false,6,116,328,FITMENT_READY
volkswagen,Volkswagen,passat-santana-b2-typ-32b,Passat/Santana B2 (Typ 32B),Passat/Santana,OBSERVED_BUNDLE,,false,6,100,352,FITMENT_READY
volkswagen,Volkswagen,passat-santana-b3-typ-35i,Passat/Santana B3 (Typ 35i),Passat/Santana,OBSERVED_BUNDLE,,false,6,108,0,FITMENT_READY
volkswagen,Volkswagen,passat-santana-b4-typ-35i,Passat/Santana B4 (Typ 35i),Passat/Santana,OBSERVED_BUNDLE,,false,6,107,60,FITMENT_READY
volkswagen,Volkswagen,passat-santana-b5-typ-3b,Passat/Santana B5 (Typ 3B),Passat/Santana,OBSERVED_BUNDLE,,false,6,115,0,FITMENT_READY
volkswagen,Volkswagen,passat-santana-b5-5-typ-3bg,Passat/Santana B5.5 (Typ 3BG),Passat/Santana B5.5 (Typ 3BG),OBSERVED_BUNDLE,,false,6,119,353,FITMENT_READY
volkswagen,Volkswagen,passat-santana-b6-typ-3c,Passat/Santana B6 (Typ 3C),Passat/Santana,OBSERVED_BUNDLE,,false,6,115,40,FITMENT_READY
volkswagen,Volkswagen,passat-santana-b7-typ-3c,Passat/Santana B7 (Typ 3C),Passat/Santana,OBSERVED_BUNDLE,,false,6,120,0,FITMENT_READY
volkswagen,Volkswagen,passat-santana-b8-typ-3g,Passat/Santana B8 (Typ 3G),Passat/Santana,OBSERVED_BUNDLE,,false,6,115,108,FITMENT_READY
volkswagen,Volkswagen,passat-santana-b9-typ-3j,Passat/Santana B9 (Typ 3J),Passat/Santana,OBSERVED_BUNDLE,,false,6,118,0,FITMENT_READY
volkswagen,Volkswagen,phaeton-gp0,Phaeton (GP0),Phaeton (GP0),OBSERVED_BUNDLE,,false,6,0,0,FITMENT_READY
volkswagen,Volkswagen,phaeton-gp1,Phaeton (GP1),Phaeton (GP1),OBSERVED_BUNDLE,,false,6,94,52,FITMENT_READY
volkswagen,Volkswagen,phaeton-gp2,Phaeton (GP2),Phaeton (GP2),OBSERVED_BUNDLE,,false,6,114,0,FITMENT_READY
volkswagen,Volkswagen,phaeton-gp3,Phaeton (GP3),Phaeton (GP3),OBSERVED_BUNDLE,,false,6,0,0,FITMENT_READY
volkswagen,Volkswagen,phaeton-gp4,Phaeton (GP4),Phaeton (GP4),OBSERVED_BUNDLE,,false,6,116,519,FITMENT_READY
volkswagen,Volkswagen,polo-typ-9n,Polo (Typ 9N),Polo (Typ 9N),OBSERVED_BUNDLE,,false,6,115,0,FITMENT_READY
volkswagen,Volkswagen,polo-classic-typ-6n,Polo Classic (Typ 6N),Polo Classic (Typ 6N),OBSERVED_BUNDLE,,false,6,117,91,FITMENT_READY
volkswagen,Volkswagen,polo-classic-typ-9n,Polo Classic (Typ 9N),Polo Classic (Typ 9N),OBSERVED_BUNDLE,,false,6,118,297,FITMENT_READY
volkswagen,Volkswagen,polo-derby-vento-typ-6n,Polo/Derby/Vento (Typ 6N),Polo/Derby/Vento (Typ 6N),OBSERVED_BUNDLE,,false,6,111,309,FITMENT_READY
volkswagen,Volkswagen,polo-derby-vento-typ-6r,Polo/Derby/Vento (Typ 6R),Polo/Derby/Vento (Typ 6R),OBSERVED_BUNDLE,,false,6,115,221,FITMENT_READY
volkswagen,Volkswagen,polo-derby-vento-typ-86,Polo/Derby/Vento (Typ 86),Polo/Derby/Vento (Typ 86),OBSERVED_BUNDLE,,false,6,100,1127,FITMENT_READY
volkswagen,Volkswagen,polo-derby-vento-typ-86c,Polo/Derby/Vento (Typ 86C),Polo/Derby/Vento (Typ 86C),OBSERVED_BUNDLE,,false,6,112,458,FITMENT_READY
volkswagen,Volkswagen,polo-derby-vento-typ-86c-facelift,Polo/Derby/Vento (Typ 86C) Facelift,Polo/Derby/Vento (Typ 86C),OBSERVED_BUNDLE,,false,6,114,437,FITMENT_READY
volkswagen,Volkswagen,polo-derby-vento-typ-9n,Polo/Derby/Vento (Typ 9N),Polo/Derby/Vento (Typ 9N),OBSERVED_BUNDLE,,false,6,112,484,FITMENT_READY
volkswagen,Volkswagen,polo-derby-vento-type-aw,Polo/Derby/Vento (Type AW),Polo/Derby/Vento (Type AW),OBSERVED_BUNDLE,,false,6,110,0,FITMENT_READY
volkswagen,Volkswagen,polo-derby-vento-type-aw-facelift,Polo/Derby/Vento (Type AW) Facelift,Polo/Derby/Vento (Type AW),OBSERVED_BUNDLE,,false,6,110,0,FITMENT_READY
volkswagen,Volkswagen,saveiro-g3,Saveiro G3,Saveiro,OBSERVED_BUNDLE,,false,6,108,216,FITMENT_READY
volkswagen,Volkswagen,saveiro-g4,Saveiro G4,Saveiro,OBSERVED_BUNDLE,,false,6,106,0,FITMENT_READY
volkswagen,Volkswagen,saveiro-g5,Saveiro G5,Saveiro,OBSERVED_BUNDLE,,false,6,113,549,FITMENT_READY
volkswagen,Volkswagen,scirocco-l-type-53,Scirocco l (Type 53),Scirocco l (Type 53),OBSERVED_BUNDLE,,false,6,111,20,FITMENT_READY
volkswagen,Volkswagen,scirocco-l-type-53-facelift,Scirocco l (Type 53) Facelift,Scirocco l (Type 53),OBSERVED_BUNDLE,,false,6,118,40,FITMENT_READY
volkswagen,Volkswagen,scirocco-ll-type-53b,Scirocco ll (Type 53B),Scirocco ll (Type 53B),OBSERVED_BUNDLE,,false,6,116,0,FITMENT_READY
volkswagen,Volkswagen,scirocco-ll-type-53b-facelift,Scirocco ll (Type 53B) Facelift,Scirocco ll (Type 53B),OBSERVED_BUNDLE,,false,6,80,485,FITMENT_READY
volkswagen,Volkswagen,scirocco-lll-type-13,Scirocco lll (Type 13),Scirocco lll (Type 13),OBSERVED_BUNDLE,,false,6,114,142,FITMENT_READY
volkswagen,Volkswagen,scirocco-lll-type-13-facelift,Scirocco lll (Type 13) Facelift,Scirocco lll (Type 13),OBSERVED_BUNDLE,,false,6,114,0,FITMENT_READY
volkswagen,Volkswagen,sharan-typ-7m,Sharan (Typ 7M),Sharan (Typ 7M),OBSERVED_BUNDLE,,false,6,112,517,FITMENT_READY
volkswagen,Volkswagen,sharan-typ-7m-1st-facelift,Sharan (Typ 7M) 1st Facelift,Sharan (Typ 7M),OBSERVED_BUNDLE,,false,6,114,433,FITMENT_READY
volkswagen,Volkswagen,sharan-typ-7m-2nd-facelift,Sharan (Typ 7M) 2nd Facelift,Sharan (Typ 7M),OBSERVED_BUNDLE,,false,6,114,208,FITMENT_READY
volkswagen,Volkswagen,sharan-typ-7n,Sharan (Typ 7N),Sharan (Typ 7N),OBSERVED_BUNDLE,,false,6,115,411,FITMENT_READY
volkswagen,Volkswagen,sharan-typ-7n-facelift,Sharan (Typ 7N) Facelift,Sharan (Typ 7N),OBSERVED_BUNDLE,,false,6,113,0,FITMENT_READY
volkswagen,Volkswagen,suran-spacefox-phase-ii,Suran/Spacefox Phase II,Suran/Spacefox Phase,OBSERVED_BUNDLE,,false,6,112,0,FITMENT_READY
volkswagen,Volkswagen,t-cross-type-c1,T-Cross (Type C1),T-Cross (Type C1),OBSERVED_BUNDLE,,false,6,101,0,FITMENT_READY
volkswagen,Volkswagen,t-cross-type-c1-facelift,T-Cross (Type C1) Facelift,T-Cross (Type C1),OBSERVED_BUNDLE,,false,6,0,0,FITMENT_READY
volkswagen,Volkswagen,t-roc-typ-a1,T-Roc (Typ A1),T-Roc (Typ A1),OBSERVED_BUNDLE,,false,6,115,0,FITMENT_READY
volkswagen,Volkswagen,t-roc-typ-a1-facelift,T-Roc (Typ A1) Facelift,T-Roc (Typ A1),OBSERVED_BUNDLE,,false,6,3,0,FITMENT_READY
volkswagen,Volkswagen,taigo-typ-cs,Taigo (Typ CS),Taigo (Typ CS),OBSERVED_BUNDLE,,false,6,113,0,FITMENT_READY
volkswagen,Volkswagen,taigun-type-cw,Taigun (Type CW),Taigun (Type CW),OBSERVED_BUNDLE,,false,6,111,0,FITMENT_READY
volkswagen,Volkswagen,taigun-type-cw-facelift,Taigun (Type CW) Facelift,Taigun (Type CW),OBSERVED_BUNDLE,,false,6,0,0,FITMENT_READY
volkswagen,Volkswagen,taos,Taos,Taos,OBSERVED_BUNDLE,,false,6,114,0,FITMENT_READY
volkswagen,Volkswagen,taro-typ-7a,Taro (Typ 7A),Taro (Typ 7A),OBSERVED_BUNDLE,,false,6,107,37,FITMENT_READY
volkswagen,Volkswagen,tayron-typ-dn,Tayron (Typ DN),Tayron (Typ DN),OBSERVED_BUNDLE,,false,6,117,0,FITMENT_READY
volkswagen,Volkswagen,teramont,Teramont,Teramont,OBSERVED_BUNDLE,,false,6,115,0,FITMENT_READY
volkswagen,Volkswagen,teramont-1st-facelift,Teramont 1st Facelift,Teramont,OBSERVED_BUNDLE,,false,6,0,0,FITMENT_READY
volkswagen,Volkswagen,teramont-2nd-facelift,Teramont 2nd Facelift,Teramont,OBSERVED_BUNDLE,,false,6,114,0,FITMENT_READY
volkswagen,Volkswagen,tiguan-typ-5n,Tiguan (Typ 5N),Tiguan (Typ 5N),OBSERVED_BUNDLE,,false,6,116,270,FITMENT_READY
volkswagen,Volkswagen,tiguan-typ-5n-facelift,Tiguan (Typ 5N) Facelift,Tiguan (Typ 5N),OBSERVED_BUNDLE,,false,6,112,197,FITMENT_READY
volkswagen,Volkswagen,tiguan-typ-ad-bw,Tiguan (Typ AD/BW),Tiguan (Typ AD/BW),OBSERVED_BUNDLE,,false,6,113,0,FITMENT_READY
volkswagen,Volkswagen,tiguan-typ-ad-bw-facelift,Tiguan (Typ AD/BW) Facelift,Tiguan (Typ AD/BW),OBSERVED_BUNDLE,,false,6,0,0,FITMENT_READY
volkswagen,Volkswagen,tiguan-typ-ct,Tiguan (Typ CT),Tiguan (Typ CT),OBSERVED_BUNDLE,,false,6,116,0,FITMENT_READY
volkswagen,Volkswagen,tiguan-allspace-typ-ad-bw,Tiguan Allspace (Typ AD/BW),Tiguan Allspace (Typ AD/BW),OBSERVED_BUNDLE,,false,6,117,0,FITMENT_READY
volkswagen,Volkswagen,tiguan-allspace-typ-ad-bw-facelift,Tiguan Allspace (Typ AD/BW) Facelift,Tiguan Allspace (Typ AD/BW),OBSERVED_BUNDLE,,false,6,0,0,FITMENT_READY
volkswagen,Volkswagen,touareg-typ-7l,Touareg (Typ 7L),Touareg (Typ 7L),OBSERVED_BUNDLE,,false,6,115,328,FITMENT_READY
volkswagen,Volkswagen,touareg-typ-7l-facelift,Touareg (Typ 7L) Facelift,Touareg (Typ 7L),OBSERVED_BUNDLE,,false,6,118,0,FITMENT_READY
volkswagen,Volkswagen,touareg-typ-7p,Touareg (Typ 7P),Touareg (Typ 7P),OBSERVED_BUNDLE,,false,6,115,0,FITMENT_READY
volkswagen,Volkswagen,touareg-typ-7p-facelift,Touareg (Typ 7P) Facelift,Touareg (Typ 7P),OBSERVED_BUNDLE,,false,6,115,40,FITMENT_READY
volkswagen,Volkswagen,touareg-typ-cr,Touareg (Typ CR),Touareg (Typ CR),OBSERVED_BUNDLE,,false,6,99,0,FITMENT_READY
volkswagen,Volkswagen,touran-typ-1t,Touran (Typ 1T),Touran (Typ 1T),OBSERVED_BUNDLE,,false,6,115,626,FITMENT_READY
volkswagen,Volkswagen,touran-typ-1t-1st-facelift,Touran (Typ 1T) 1st Facelift,Touran (Typ 1T),OBSERVED_BUNDLE,,false,6,112,0,FITMENT_READY
volkswagen,Volkswagen,touran-typ-1t-2nd-facelift,Touran (Typ 1T) 2nd Facelift,Touran (Typ 1T),OBSERVED_BUNDLE,,false,6,117,0,FITMENT_READY
volkswagen,Volkswagen,touran-typ-5t,Touran (Typ 5T),Touran (Typ 5T),OBSERVED_BUNDLE,,false,6,113,0,FITMENT_READY
volkswagen,Volkswagen,touran-typ-5t-facelift,Touran (Typ 5T) Facelift,Touran (Typ 5T),OBSERVED_BUNDLE,,false,6,0,0,FITMENT_READY
volkswagen,Volkswagen,transporter-t3-typ-2,Transporter T3 (Typ 2),Transporter,OBSERVED_BUNDLE,,false,6,117,40,FITMENT_READY
volkswagen,Volkswagen,transporter-t3-typ-2-facelift,Transporter T3 (Typ 2) Facelift,Transporter,OBSERVED_BUNDLE,,false,6,94,17,FITMENT_READY
volkswagen,Volkswagen,transporter-t4,Transporter T4,Transporter,OBSERVED_BUNDLE,,false,6,115,20,FITMENT_READY
volkswagen,Volkswagen,transporter-t4-facelift,Transporter T4 Facelift,Transporter,OBSERVED_BUNDLE,,false,6,100,40,FITMENT_READY
volkswagen,Volkswagen,transporter-t5,Transporter T5,Transporter,OBSERVED_BUNDLE,,false,6,110,161,FITMENT_READY
volkswagen,Volkswagen,transporter-t5-facelift,Transporter T5 Facelift,Transporter,OBSERVED_BUNDLE,,false,6,118,20,FITMENT_READY
volkswagen,Volkswagen,transporter-t6,Transporter T6,Transporter,OBSERVED_BUNDLE,,false,6,114,0,FITMENT_READY
volkswagen,Volkswagen,transporter-t6-1,Transporter T6.1,Transporter T6.1,OBSERVED_BUNDLE,,false,6,115,0,FITMENT_READY
volkswagen,Volkswagen,transporter-t7,Transporter T7,Transporter,OBSERVED_BUNDLE,,false,6,118,0,FITMENT_READY
volkswagen,Volkswagen,type-181,Type 181,Type 181,OBSERVED_BUNDLE,,false,6,88,395,FITMENT_READY
volkswagen,Volkswagen,up-type-12-bl-facelift,up! (Type 12/BL) Facelift,up! (Type 12/BL),OBSERVED_BUNDLE,,false,6,110,0,FITMENT_READY
volkswagen,Volkswagen,up-e-up-type-12-bl,up!/e-up! (Type 12/BL),up!/e-up! (Type 12/BL),OBSERVED_BUNDLE,,false,6,113,147,FITMENT_READY
volkswagen,Volkswagen,up-e-up-type-12-bl-facelift,up!/e-up! (Type 12/BL) Facelift,up!/e-up! (Type 12/BL),OBSERVED_BUNDLE,,false,6,114,0,FITMENT_READY
volkswagen,Volkswagen,vento-a3,Vento A3,Vento,OBSERVED_BUNDLE,,false,6,93,87,FITMENT_READY
volkswagen,Volkswagen,virtus-facelift,Virtus Facelift,Virtus,OBSERVED_BUNDLE,,false,6,111,0,FITMENT_READY
volkswagen,Volkswagen,xl1,XL1,XL1,OBSERVED_BUNDLE,,false,6,110,66,FITMENT_READY
volvo,Volvo,240,240,240,OBSERVED_BUNDLE,,false,6,130,734,FITMENT_READY
volvo,Volvo,260,260,260,OBSERVED_BUNDLE,,false,6,131,0,FITMENT_READY
volvo,Volvo,340,340,340,OBSERVED_BUNDLE,,false,6,123,75,FITMENT_READY
volvo,Volvo,360,360,360,OBSERVED_BUNDLE,,false,6,124,40,FITMENT_READY
volvo,Volvo,440,440,440,OBSERVED_BUNDLE,,false,6,118,0,FITMENT_READY
volvo,Volvo,460,460,460,OBSERVED_BUNDLE,,false,6,118,0,FITMENT_READY
volvo,Volvo,480,480,480,OBSERVED_BUNDLE,,false,6,116,0,FITMENT_READY
volvo,Volvo,740,740,740,OBSERVED_BUNDLE,,false,6,128,118,FITMENT_READY
volvo,Volvo,760,760,760,OBSERVED_BUNDLE,,false,6,128,80,FITMENT_READY
volvo,Volvo,780,780,780,OBSERVED_BUNDLE,,false,6,126,60,FITMENT_READY
volvo,Volvo,850,850,850,OBSERVED_BUNDLE,,false,6,125,194,FITMENT_READY
volvo,Volvo,940,940,940,OBSERVED_BUNDLE,,false,6,125,25,FITMENT_READY
volvo,Volvo,960,960,960,OBSERVED_BUNDLE,,false,6,125,80,FITMENT_READY
volvo,Volvo,c30-m,C30 M,C30 M,OBSERVED_BUNDLE,,false,6,128,0,FITMENT_READY
volvo,Volvo,c70-m-coupe,C70 M Coupe,C70 M Coupe,OBSERVED_BUNDLE,,false,6,126,444,FITMENT_READY
volvo,Volvo,c70-nc-nk-convertible,C70 NC/NK Convertible,C70,OBSERVED_BUNDLE,,false,6,125,106,FITMENT_READY
volvo,Volvo,c70-nc-nk-coupe,C70 NC/NK Coupe,C70,OBSERVED_BUNDLE,,false,6,127,0,FITMENT_READY
volvo,Volvo,s40-m,S40 M,S40 M,OBSERVED_BUNDLE,,false,6,125,476,FITMENT_READY
volvo,Volvo,s40-v,S40 V,S40,OBSERVED_BUNDLE,,false,6,124,116,FITMENT_READY
volvo,Volvo,s60-p24,S60 P24,S60,OBSERVED_BUNDLE,,false,6,120,20,FITMENT_READY
volvo,Volvo,s60-y20,S60 Y20,S60,OBSERVED_BUNDLE,,false,6,126,49,FITMENT_READY
volvo,Volvo,s60l,S60L,S60L,OBSERVED_BUNDLE,,false,6,129,396,FITMENT_READY
volvo,Volvo,s70,S70,S70,OBSERVED_BUNDLE,,false,6,128,60,FITMENT_READY
volvo,Volvo,s80-as,S80 AS,S80 AS,OBSERVED_BUNDLE,,false,6,126,0,FITMENT_READY
volvo,Volvo,s80-as-l,S80 AS L,S80 AS L,OBSERVED_BUNDLE,,false,6,124,0,FITMENT_READY
volvo,Volvo,s80-ts,S80 TS,S80 TS,OBSERVED_BUNDLE,,false,6,123,368,FITMENT_READY
volvo,Volvo,s90-ks,S90 KS,S90 KS,OBSERVED_BUNDLE,,false,6,122,20,FITMENT_READY
volvo,Volvo,v40-p1,V40 P1,V40,OBSERVED_BUNDLE,,false,6,128,0,FITMENT_READY
volvo,Volvo,v40-p1-cross-country,V40 P1 Cross Country,V40,OBSERVED_BUNDLE,,false,6,126,0,FITMENT_READY
volvo,Volvo,v40-v,V40 V,V40,OBSERVED_BUNDLE,,false,6,126,27,FITMENT_READY
volvo,Volvo,v50-m,V50 M,V50 M,OBSERVED_BUNDLE,,false,6,126,0,FITMENT_READY
volvo,Volvo,v60-y20,V60 Y20,V60,OBSERVED_BUNDLE,,false,6,126,0,FITMENT_READY
volvo,Volvo,v70-24,V70 24,V70 24,OBSERVED_BUNDLE,,false,6,127,109,FITMENT_READY
volvo,Volvo,v70-lw,V70 LW,V70 LW,OBSERVED_BUNDLE,,false,6,126,20,FITMENT_READY
volvo,Volvo,v70-p26,V70 P26,V70,OBSERVED_BUNDLE,,false,6,122,37,FITMENT_READY
volvo,Volvo,v70-xc-lw,V70 XC LW,V70 XC LW,OBSERVED_BUNDLE,,false,6,125,0,FITMENT_READY
volvo,Volvo,v70-xc-p26,V70 XC P26,V70 XC,OBSERVED_BUNDLE,,false,6,120,45,FITMENT_READY
volvo,Volvo,v90-kw,V90 KW,V90 KW,OBSERVED_BUNDLE,,false,6,122,119,FITMENT_READY
volvo,Volvo,xc60-y20,XC60 Y20,XC60,OBSERVED_BUNDLE,,false,6,126,405,FITMENT_READY
volvo,Volvo,xc70-p24,XC70 P24,XC70,OBSERVED_BUNDLE,,false,6,126,20,FITMENT_READY
volvo,Volvo,xc90,XC90,XC90,OBSERVED_BUNDLE,,false,6,124,0,FITMENT_READY
toyota,Toyota,corolla-cross,Corolla Cross,Corolla Cross,ACQUISITION_BACKLOG,P0,false,0,0,0,CASCADE_READY
toyota,Toyota,corolla-quest,Corolla Quest,Corolla Quest,ACQUISITION_BACKLOG,P0,false,0,0,0,CASCADE_READY
toyota,Toyota,fortuner-an50-an60,Fortuner AN50/AN60,Fortuner,ACQUISITION_BACKLOG,P0,false,0,0,0,CASCADE_READY
toyota,Toyota,hiace-h200,HiAce H200,HiAce,ACQUISITION_BACKLOG,P0,false,0,0,0,CASCADE_READY
toyota,Toyota,quantum-h200-h300,Quantum H200/H300,Quantum,ACQUISITION_BACKLOG,P0,false,0,0,0,CASCADE_READY
toyota,Toyota,rumion,Rumion,Rumion,ACQUISITION_BACKLOG,P0,false,0,0,0,CASCADE_READY
toyota,Toyota,veloz,Veloz,Veloz,ACQUISITION_BACKLOG,P0,false,0,0,0,CASCADE_READY
toyota,Toyota,raize,Raize,Raize,ACQUISITION_BACKLOG,P0,false,0,0,0,CASCADE_READY
toyota,Toyota,starlet-ac200,Starlet AC200,Starlet,ACQUISITION_BACKLOG,P0,false,0,0,0,CASCADE_READY
toyota,Toyota,coaster,Coaster,Coaster,ACQUISITION_BACKLOG,P0,false,0,0,0,CASCADE_READY
honda,Honda,amaze,Amaze,Amaze,ACQUISITION_BACKLOG,P0,false,0,0,0,CASCADE_READY
honda,Honda,br-v,BR-V,BR-V,ACQUISITION_BACKLOG,P0,false,0,0,0,CASCADE_READY
honda,Honda,cr-v-4th-generation,CR-V 4th Generation,CR-V,ACQUISITION_BACKLOG,P0,false,0,0,0,CASCADE_READY
honda,Honda,cr-v-5th-generation,CR-V 5th Generation,CR-V,ACQUISITION_BACKLOG,P0,false,0,0,0,CASCADE_READY
honda,Honda,cr-v-6th-generation,CR-V 6th Generation,CR-V,ACQUISITION_BACKLOG,P0,false,0,0,0,CASCADE_READY
honda,Honda,civic-9th-generation,Civic 9th Generation,Civic,ACQUISITION_BACKLOG,P0,false,0,0,0,CASCADE_READY
honda,Honda,civic-10th-generation,Civic 10th Generation,Civic,ACQUISITION_BACKLOG,P0,false,0,0,0,CASCADE_READY
honda,Honda,civic-11th-generation,Civic 11th Generation,Civic,ACQUISITION_BACKLOG,P0,false,0,0,0,CASCADE_READY
honda,Honda,elevate,Elevate,Elevate,ACQUISITION_BACKLOG,P0,false,0,0,0,CASCADE_READY
honda,Honda,fit-gr,Fit GR,Fit GR,ACQUISITION_BACKLOG,P0,false,0,0,0,CASCADE_READY
honda,Honda,hr-v-2nd-generation,HR-V 2nd Generation,HR-V,ACQUISITION_BACKLOG,P0,false,0,0,0,CASCADE_READY
honda,Honda,hr-v-3rd-generation,HR-V 3rd Generation,HR-V,ACQUISITION_BACKLOG,P0,false,0,0,0,CASCADE_READY
honda,Honda,jazz-gk,Jazz GK,Jazz GK,ACQUISITION_BACKLOG,P0,false,0,0,0,CASCADE_READY
honda,Honda,wr-v,WR-V,WR-V,ACQUISITION_BACKLOG,P0,false,0,0,0,CASCADE_READY
isuzu,Isuzu,d-max-1st-generation,D-MAX 1st Generation,D-MAX,ACQUISITION_BACKLOG,P0,false,0,0,0,CASCADE_READY
isuzu,Isuzu,d-max-2nd-generation,D-MAX 2nd Generation,D-MAX,ACQUISITION_BACKLOG,P0,false,0,0,0,CASCADE_READY
isuzu,Isuzu,d-max-3rd-generation,D-MAX 3rd Generation,D-MAX,ACQUISITION_BACKLOG,P0,false,0,0,0,CASCADE_READY
isuzu,Isuzu,d-max-single-cab,D-MAX Single Cab,D-MAX Single Cab,ACQUISITION_BACKLOG,P0,false,0,0,0,CASCADE_READY
isuzu,Isuzu,d-max-extended-cab,D-MAX Extended Cab,D-MAX Extended Cab,ACQUISITION_BACKLOG,P0,false,0,0,0,CASCADE_READY
isuzu,Isuzu,d-max-double-cab,D-MAX Double Cab,D-MAX Double Cab,ACQUISITION_BACKLOG,P0,false,0,0,0,CASCADE_READY
isuzu,Isuzu,kb,KB,KB,ACQUISITION_BACKLOG,P0,false,0,0,0,CASCADE_READY
isuzu,Isuzu,mu-x-1st-generation,MU-X 1st Generation,MU-X,ACQUISITION_BACKLOG,P0,false,0,0,0,CASCADE_READY
isuzu,Isuzu,mu-x-2nd-generation,MU-X 2nd Generation,MU-X,ACQUISITION_BACKLOG,P0,false,0,0,0,CASCADE_READY
isuzu,Isuzu,faster,Faster,Faster,ACQUISITION_BACKLOG,P0,false,0,0,0,CASCADE_READY
isuzu,Isuzu,rodeo,Rodeo,Rodeo,ACQUISITION_BACKLOG,P0,false,0,0,0,CASCADE_READY
isuzu,Isuzu,trooper,Trooper,Trooper,ACQUISITION_BACKLOG,P0,false,0,0,0,CASCADE_READY
isuzu,Isuzu,panther,Panther,Panther,ACQUISITION_BACKLOG,P0,false,0,0,0,CASCADE_READY
isuzu,Isuzu,n-series,N-Series,N-Series,ACQUISITION_BACKLOG,P0,false,0,0,0,CASCADE_READY
isuzu,Isuzu,f-series,F-Series,F-Series,ACQUISITION_BACKLOG,P0,false,0,0,0,CASCADE_READY
nissan,Nissan,1400-b140,1400 B140,1400,ACQUISITION_BACKLOG,P0,false,0,0,0,CASCADE_READY
nissan,Nissan,almera,Almera,Almera,ACQUISITION_BACKLOG,P0,false,0,0,0,CASCADE_READY
nissan,Nissan,ariya,Ariya,Ariya,ACQUISITION_BACKLOG,P0,false,0,0,0,CASCADE_READY
nissan,Nissan,cabstar,Cabstar,Cabstar,ACQUISITION_BACKLOG,P0,false,0,0,0,CASCADE_READY
nissan,Nissan,gt-r-r35,GT-R R35,GT-R,ACQUISITION_BACKLOG,P0,false,0,0,0,CASCADE_READY
nissan,Nissan,juke-f15,Juke F15,Juke,ACQUISITION_BACKLOG,P0,false,0,0,0,CASCADE_READY
nissan,Nissan,juke-f16,Juke F16,Juke,ACQUISITION_BACKLOG,P0,false,0,0,0,CASCADE_READY
nissan,Nissan,kicks,Kicks,Kicks,ACQUISITION_BACKLOG,P0,false,0,0,0,CASCADE_READY
nissan,Nissan,leaf-ze0,Leaf ZE0,Leaf,ACQUISITION_BACKLOG,P0,false,0,0,0,CASCADE_READY
nissan,Nissan,leaf-ze1,Leaf ZE1,Leaf,ACQUISITION_BACKLOG,P0,false,0,0,0,CASCADE_READY
nissan,Nissan,magnite,Magnite,Magnite,ACQUISITION_BACKLOG,P0,false,0,0,0,CASCADE_READY
nissan,Nissan,maxima,Maxima,Maxima,ACQUISITION_BACKLOG,P0,false,0,0,0,CASCADE_READY
nissan,Nissan,micra-k11,Micra K11,Micra,ACQUISITION_BACKLOG,P0,false,0,0,0,CASCADE_READY
nissan,Nissan,micra-k12,Micra K12,Micra,ACQUISITION_BACKLOG,P0,false,0,0,0,CASCADE_READY
nissan,Nissan,micra-k13,Micra K13,Micra,ACQUISITION_BACKLOG,P0,false,0,0,0,CASCADE_READY
nissan,Nissan,murano-z50,Murano Z50,Murano,ACQUISITION_BACKLOG,P0,false,0,0,0,CASCADE_READY
nissan,Nissan,murano-z51,Murano Z51,Murano,ACQUISITION_BACKLOG,P0,false,0,0,0,CASCADE_READY
nissan,Nissan,navara-d22,Navara D22,Navara,ACQUISITION_BACKLOG,P0,false,0,0,0,CASCADE_READY
nissan,Nissan,navara-d40,Navara D40,Navara,ACQUISITION_BACKLOG,P0,false,0,0,0,CASCADE_READY
nissan,Nissan,navara-d23,Navara D23,Navara,ACQUISITION_BACKLOG,P0,false,0,0,0,CASCADE_READY
nissan,Nissan,np200,NP200,NP200,ACQUISITION_BACKLOG,P0,false,0,0,0,CASCADE_READY
nissan,Nissan,np300-hardbody,NP300 Hardbody,NP300 Hardbody,ACQUISITION_BACKLOG,P0,false,0,0,0,CASCADE_READY
nissan,Nissan,nv200,NV200,NV200,ACQUISITION_BACKLOG,P0,false,0,0,0,CASCADE_READY
nissan,Nissan,pathfinder-r50,Pathfinder R50,Pathfinder,ACQUISITION_BACKLOG,P0,false,0,0,0,CASCADE_READY
nissan,Nissan,pathfinder-r51,Pathfinder R51,Pathfinder,ACQUISITION_BACKLOG,P0,false,0,0,0,CASCADE_READY
nissan,Nissan,pathfinder-r52,Pathfinder R52,Pathfinder,ACQUISITION_BACKLOG,P0,false,0,0,0,CASCADE_READY
nissan,Nissan,patrol-y60,Patrol Y60,Patrol,ACQUISITION_BACKLOG,P0,false,0,0,0,CASCADE_READY
nissan,Nissan,patrol-y61,Patrol Y61,Patrol,ACQUISITION_BACKLOG,P0,false,0,0,0,CASCADE_READY
nissan,Nissan,patrol-y62,Patrol Y62,Patrol,ACQUISITION_BACKLOG,P0,false,0,0,0,CASCADE_READY
nissan,Nissan,patrol-y63,Patrol Y63,Patrol,ACQUISITION_BACKLOG,P0,false,0,0,0,CASCADE_READY
nissan,Nissan,primera,Primera,Primera,ACQUISITION_BACKLOG,P0,false,0,0,0,CASCADE_READY
nissan,Nissan,qashqai-j10,Qashqai J10,Qashqai,ACQUISITION_BACKLOG,P0,false,0,0,0,CASCADE_READY
nissan,Nissan,qashqai-j11,Qashqai J11,Qashqai,ACQUISITION_BACKLOG,P0,false,0,0,0,CASCADE_READY
nissan,Nissan,qashqai-j12,Qashqai J12,Qashqai,ACQUISITION_BACKLOG,P0,false,0,0,0,CASCADE_READY
nissan,Nissan,sentra,Sentra,Sentra,ACQUISITION_BACKLOG,P0,false,0,0,0,CASCADE_READY
nissan,Nissan,skyline-r32,Skyline R32,Skyline,ACQUISITION_BACKLOG,P0,false,0,0,0,CASCADE_READY
nissan,Nissan,skyline-r33,Skyline R33,Skyline,ACQUISITION_BACKLOG,P0,false,0,0,0,CASCADE_READY
nissan,Nissan,skyline-r34,Skyline R34,Skyline,ACQUISITION_BACKLOG,P0,false,0,0,0,CASCADE_READY
nissan,Nissan,sunny,Sunny,Sunny,ACQUISITION_BACKLOG,P0,false,0,0,0,CASCADE_READY
nissan,Nissan,terrano,Terrano,Terrano,ACQUISITION_BACKLOG,P0,false,0,0,0,CASCADE_READY
nissan,Nissan,tiida,Tiida,Tiida,ACQUISITION_BACKLOG,P0,false,0,0,0,CASCADE_READY
nissan,Nissan,urvan-e25,Urvan E25,Urvan,ACQUISITION_BACKLOG,P0,false,0,0,0,CASCADE_READY
nissan,Nissan,x-trail-t30,X-Trail T30,X-Trail,ACQUISITION_BACKLOG,P0,false,0,0,0,CASCADE_READY
nissan,Nissan,x-trail-t31,X-Trail T31,X-Trail,ACQUISITION_BACKLOG,P0,false,0,0,0,CASCADE_READY
nissan,Nissan,x-trail-t32,X-Trail T32,X-Trail,ACQUISITION_BACKLOG,P0,false,0,0,0,CASCADE_READY
nissan,Nissan,x-trail-t33,X-Trail T33,X-Trail,ACQUISITION_BACKLOG,P0,false,0,0,0,CASCADE_READY
nissan,Nissan,350z-z33,350Z Z33,350Z,ACQUISITION_BACKLOG,P0,false,0,0,0,CASCADE_READY
nissan,Nissan,370z-z34,370Z Z34,370Z,ACQUISITION_BACKLOG,P0,false,0,0,0,CASCADE_READY
nissan,Nissan,z-rz34,Z RZ34,Z,ACQUISITION_BACKLOG,P0,false,0,0,0,CASCADE_READY
chery,Chery,qq,QQ,QQ,ACQUISITION_BACKLOG,P0,false,0,0,0,CASCADE_READY
chery,Chery,arrizo-5,Arrizo 5,Arrizo 5,ACQUISITION_BACKLOG,P0,false,0,0,0,CASCADE_READY
chery,Chery,arrizo-8,Arrizo 8,Arrizo 8,ACQUISITION_BACKLOG,P0,false,0,0,0,CASCADE_READY
chery,Chery,tiggo-2,Tiggo 2,Tiggo 2,ACQUISITION_BACKLOG,P0,false,0,0,0,CASCADE_READY
chery,Chery,tiggo-3,Tiggo 3,Tiggo 3,ACQUISITION_BACKLOG,P0,false,0,0,0,CASCADE_READY
chery,Chery,tiggo-4-pro,Tiggo 4 Pro,Tiggo 4 Pro,ACQUISITION_BACKLOG,P0,false,0,0,0,CASCADE_READY
chery,Chery,tiggo-4-cross,Tiggo 4 Cross,Tiggo 4 Cross,ACQUISITION_BACKLOG,P0,false,0,0,0,CASCADE_READY
chery,Chery,tiggo-7-pro,Tiggo 7 Pro,Tiggo 7 Pro,ACQUISITION_BACKLOG,P0,false,0,0,0,CASCADE_READY
chery,Chery,tiggo-7-pro-max,Tiggo 7 Pro Max,Tiggo 7 Pro Max,ACQUISITION_BACKLOG,P0,false,0,0,0,CASCADE_READY
chery,Chery,tiggo-8-pro,Tiggo 8 Pro,Tiggo 8 Pro,ACQUISITION_BACKLOG,P0,false,0,0,0,CASCADE_READY
chery,Chery,tiggo-8-pro-max,Tiggo 8 Pro Max,Tiggo 8 Pro Max,ACQUISITION_BACKLOG,P0,false,0,0,0,CASCADE_READY
chery,Chery,tiggo-9,Tiggo 9,Tiggo 9,ACQUISITION_BACKLOG,P0,false,0,0,0,CASCADE_READY
gwm,GWM,steed-5,Steed 5,Steed 5,ACQUISITION_BACKLOG,P0,false,0,0,0,CASCADE_READY
gwm,GWM,steed-6,Steed 6,Steed 6,ACQUISITION_BACKLOG,P0,false,0,0,0,CASCADE_READY
gwm,GWM,p-series,P-Series,P-Series,ACQUISITION_BACKLOG,P0,false,0,0,0,CASCADE_READY
gwm,GWM,p300,P300,P300,ACQUISITION_BACKLOG,P0,false,0,0,0,CASCADE_READY
gwm,GWM,cannon,Cannon,Cannon,ACQUISITION_BACKLOG,P0,false,0,0,0,CASCADE_READY
gwm,GWM,poer,Poer,Poer,ACQUISITION_BACKLOG,P0,false,0,0,0,CASCADE_READY
gwm,GWM,wingle-5,Wingle 5,Wingle 5,ACQUISITION_BACKLOG,P0,false,0,0,0,CASCADE_READY
gwm,GWM,wingle-7,Wingle 7,Wingle 7,ACQUISITION_BACKLOG,P0,false,0,0,0,CASCADE_READY
haval,Haval,h1,H1,H1,ACQUISITION_BACKLOG,P0,false,0,0,0,CASCADE_READY
haval,Haval,h2,H2,H2,ACQUISITION_BACKLOG,P0,false,0,0,0,CASCADE_READY
haval,Haval,h5,H5,H5,ACQUISITION_BACKLOG,P0,false,0,0,0,CASCADE_READY
haval,Haval,h6,H6,H6,ACQUISITION_BACKLOG,P0,false,0,0,0,CASCADE_READY
haval,Haval,h6-gt,H6 GT,H6 GT,ACQUISITION_BACKLOG,P0,false,0,0,0,CASCADE_READY
haval,Haval,h7,H7,H7,ACQUISITION_BACKLOG,P0,false,0,0,0,CASCADE_READY
haval,Haval,h9,H9,H9,ACQUISITION_BACKLOG,P0,false,0,0,0,CASCADE_READY
haval,Haval,jolion,Jolion,Jolion,ACQUISITION_BACKLOG,P0,false,0,0,0,CASCADE_READY
haval,Haval,jolion-pro,Jolion Pro,Jolion Pro,ACQUISITION_BACKLOG,P0,false,0,0,0,CASCADE_READY
tank,Tank,tank-300,Tank 300,Tank 300,ACQUISITION_BACKLOG,P1,false,0,0,0,CASCADE_READY
tank,Tank,tank-400,Tank 400,Tank 400,ACQUISITION_BACKLOG,P1,false,0,0,0,CASCADE_READY
tank,Tank,tank-500,Tank 500,Tank 500,ACQUISITION_BACKLOG,P1,false,0,0,0,CASCADE_READY
tank,Tank,tank-700,Tank 700,Tank 700,ACQUISITION_BACKLOG,P1,false,0,0,0,CASCADE_READY
ora,Ora,ora-03,Ora 03,Ora 03,ACQUISITION_BACKLOG,P1,false,0,0,0,CASCADE_READY
ora,Ora,ora-5,Ora 5,Ora 5,ACQUISITION_BACKLOG,P1,false,0,0,0,CASCADE_READY
byd,BYD,atto-2,Atto 2,Atto 2,ACQUISITION_BACKLOG,P0,false,0,0,0,CASCADE_READY
byd,BYD,atto-3,Atto 3,Atto 3,ACQUISITION_BACKLOG,P0,false,0,0,0,CASCADE_READY
byd,BYD,atto-8,Atto 8,Atto 8,ACQUISITION_BACKLOG,P0,false,0,0,0,CASCADE_READY
byd,BYD,dolphin,Dolphin,Dolphin,ACQUISITION_BACKLOG,P0,false,0,0,0,CASCADE_READY
byd,BYD,dolphin-surf,Dolphin Surf,Dolphin Surf,ACQUISITION_BACKLOG,P0,false,0,0,0,CASCADE_READY
byd,BYD,han,Han,Han,ACQUISITION_BACKLOG,P0,false,0,0,0,CASCADE_READY
byd,BYD,seal,Seal,Seal,ACQUISITION_BACKLOG,P0,false,0,0,0,CASCADE_READY
byd,BYD,sealion-5,Sealion 5,Sealion 5,ACQUISITION_BACKLOG,P0,false,0,0,0,CASCADE_READY
byd,BYD,sealion-6,Sealion 6,Sealion 6,ACQUISITION_BACKLOG,P0,false,0,0,0,CASCADE_READY
byd,BYD,sealion-7,Sealion 7,Sealion 7,ACQUISITION_BACKLOG,P0,false,0,0,0,CASCADE_READY
byd,BYD,shark-6,Shark 6,Shark 6,ACQUISITION_BACKLOG,P0,false,0,0,0,CASCADE_READY
byd,BYD,tang,Tang,Tang,ACQUISITION_BACKLOG,P0,false,0,0,0,CASCADE_READY
geely,Geely,ck,CK,CK,ACQUISITION_BACKLOG,P0,false,0,0,0,CASCADE_READY
geely,Geely,mk,MK,MK,ACQUISITION_BACKLOG,P0,false,0,0,0,CASCADE_READY
geely,Geely,lc,LC,LC,ACQUISITION_BACKLOG,P0,false,0,0,0,CASCADE_READY
geely,Geely,emgrand-ec7,Emgrand EC7,Emgrand,ACQUISITION_BACKLOG,P0,false,0,0,0,CASCADE_READY
geely,Geely,coolray,Coolray,Coolray,ACQUISITION_BACKLOG,P0,false,0,0,0,CASCADE_READY
geely,Geely,azkarra,Azkarra,Azkarra,ACQUISITION_BACKLOG,P0,false,0,0,0,CASCADE_READY
geely,Geely,starray,Starray,Starray,ACQUISITION_BACKLOG,P0,false,0,0,0,CASCADE_READY
geely,Geely,ex2,EX2,EX2,ACQUISITION_BACKLOG,P0,false,0,0,0,CASCADE_READY
geely,Geely,ex5,EX5,EX5,ACQUISITION_BACKLOG,P0,false,0,0,0,CASCADE_READY
geely,Geely,ex5-em-i,EX5 EM-i,EX5 EM-i,ACQUISITION_BACKLOG,P0,false,0,0,0,CASCADE_READY
geely,Geely,riddara-rd6,Riddara RD6,Riddara,ACQUISITION_BACKLOG,P0,false,0,0,0,CASCADE_READY
omoda,Omoda,c5,C5,C5,ACQUISITION_BACKLOG,P0,false,0,0,0,CASCADE_READY
omoda,Omoda,c5-shs,C5 SHS,C5 SHS,ACQUISITION_BACKLOG,P0,false,0,0,0,CASCADE_READY
omoda,Omoda,c7,C7,C7,ACQUISITION_BACKLOG,P0,false,0,0,0,CASCADE_READY
omoda,Omoda,c9,C9,C9,ACQUISITION_BACKLOG,P0,false,0,0,0,CASCADE_READY
omoda,Omoda,c9-shs,C9 SHS,C9 SHS,ACQUISITION_BACKLOG,P0,false,0,0,0,CASCADE_READY
jaecoo,Jaecoo,j5,J5,J5,ACQUISITION_BACKLOG,P0,false,0,0,0,CASCADE_READY
jaecoo,Jaecoo,j6,J6,J6,ACQUISITION_BACKLOG,P0,false,0,0,0,CASCADE_READY
jaecoo,Jaecoo,j7,J7,J7,ACQUISITION_BACKLOG,P0,false,0,0,0,CASCADE_READY
jaecoo,Jaecoo,j7-shs,J7 SHS,J7 SHS,ACQUISITION_BACKLOG,P0,false,0,0,0,CASCADE_READY
jaecoo,Jaecoo,j8,J8,J8,ACQUISITION_BACKLOG,P0,false,0,0,0,CASCADE_READY
baic,BAIC,x25,X25,X25,ACQUISITION_BACKLOG,P1,false,0,0,0,CASCADE_READY
baic,BAIC,x35,X35,X35,ACQUISITION_BACKLOG,P1,false,0,0,0,CASCADE_READY
baic,BAIC,x55,X55,X55,ACQUISITION_BACKLOG,P1,false,0,0,0,CASCADE_READY
baic,BAIC,x55-plus,X55 Plus,X55 Plus,ACQUISITION_BACKLOG,P1,false,0,0,0,CASCADE_READY
baic,BAIC,b30,B30,B30,ACQUISITION_BACKLOG,P1,false,0,0,0,CASCADE_READY
baic,BAIC,b40,B40,B40,ACQUISITION_BACKLOG,P1,false,0,0,0,CASCADE_READY
baic,BAIC,b40-plus,B40 Plus,B40 Plus,ACQUISITION_BACKLOG,P1,false,0,0,0,CASCADE_READY
jac,JAC,t6,T6,T6,ACQUISITION_BACKLOG,P0,false,0,0,0,CASCADE_READY
jac,JAC,t8,T8,T8,ACQUISITION_BACKLOG,P0,false,0,0,0,CASCADE_READY
jac,JAC,t9,T9,T9,ACQUISITION_BACKLOG,P0,false,0,0,0,CASCADE_READY
jac,JAC,t9-phev,T9 PHEV,T9 PHEV,ACQUISITION_BACKLOG,P0,false,0,0,0,CASCADE_READY
jac,JAC,x200,X200,X200,ACQUISITION_BACKLOG,P0,false,0,0,0,CASCADE_READY
jac,JAC,x200-ev,X200 EV,X200 EV,ACQUISITION_BACKLOG,P0,false,0,0,0,CASCADE_READY
jac,JAC,js2,JS2,JS2,ACQUISITION_BACKLOG,P0,false,0,0,0,CASCADE_READY
jac,JAC,js4,JS4,JS4,ACQUISITION_BACKLOG,P0,false,0,0,0,CASCADE_READY
jac,JAC,n-series-truck,N-Series Truck,N-Series Truck,ACQUISITION_BACKLOG,P0,false,0,0,0,CASCADE_READY
jetour,Jetour,dashing,Dashing,Dashing,ACQUISITION_BACKLOG,P1,false,0,0,0,CASCADE_READY
jetour,Jetour,x70,X70,X70,ACQUISITION_BACKLOG,P1,false,0,0,0,CASCADE_READY
jetour,Jetour,x70-plus,X70 Plus,X70 Plus,ACQUISITION_BACKLOG,P1,false,0,0,0,CASCADE_READY
jetour,Jetour,x90-plus,X90 Plus,X90 Plus,ACQUISITION_BACKLOG,P1,false,0,0,0,CASCADE_READY
jetour,Jetour,t1,T1,T1,ACQUISITION_BACKLOG,P1,false,0,0,0,CASCADE_READY
jetour,Jetour,t2,T2,T2,ACQUISITION_BACKLOG,P1,false,0,0,0,CASCADE_READY
changan,Changan,alsvin,Alsvin,Alsvin,ACQUISITION_BACKLOG,P1,false,0,0,0,CASCADE_READY
changan,Changan,cs15,CS15,CS15,ACQUISITION_BACKLOG,P1,false,0,0,0,CASCADE_READY
changan,Changan,cs35,CS35,CS35,ACQUISITION_BACKLOG,P1,false,0,0,0,CASCADE_READY
changan,Changan,cs55,CS55,CS55,ACQUISITION_BACKLOG,P1,false,0,0,0,CASCADE_READY
changan,Changan,cs75,CS75,CS75,ACQUISITION_BACKLOG,P1,false,0,0,0,CASCADE_READY
changan,Changan,cs95,CS95,CS95,ACQUISITION_BACKLOG,P1,false,0,0,0,CASCADE_READY
changan,Changan,hunter,Hunter,Hunter,ACQUISITION_BACKLOG,P1,false,0,0,0,CASCADE_READY
changan,Changan,uni-k,UNI-K,UNI-K,ACQUISITION_BACKLOG,P1,false,0,0,0,CASCADE_READY
changan,Changan,uni-t,UNI-T,UNI-T,ACQUISITION_BACKLOG,P1,false,0,0,0,CASCADE_READY
changan,Changan,uni-v,UNI-V,UNI-V,ACQUISITION_BACKLOG,P1,false,0,0,0,CASCADE_READY
foton,Foton,tunland-g7,Tunland G7,Tunland,ACQUISITION_BACKLOG,P0,false,0,0,0,CASCADE_READY
foton,Foton,tunland-g9,Tunland G9,Tunland,ACQUISITION_BACKLOG,P0,false,0,0,0,CASCADE_READY
foton,Foton,tunland-v9,Tunland V9,Tunland,ACQUISITION_BACKLOG,P0,false,0,0,0,CASCADE_READY
foton,Foton,view,View,View,ACQUISITION_BACKLOG,P0,false,0,0,0,CASCADE_READY
foton,Foton,toano,Toano,Toano,ACQUISITION_BACKLOG,P0,false,0,0,0,CASCADE_READY
foton,Foton,aumark,Aumark,Aumark,ACQUISITION_BACKLOG,P0,false,0,0,0,CASCADE_READY
foton,Foton,auman,Auman,Auman,ACQUISITION_BACKLOG,P0,false,0,0,0,CASCADE_READY
foton,Foton,gratour,Gratour,Gratour,ACQUISITION_BACKLOG,P0,false,0,0,0,CASCADE_READY
dongfeng,Dongfeng,aeolus-mage,Aeolus Mage,Aeolus Mage,ACQUISITION_BACKLOG,P1,false,0,0,0,CASCADE_READY
dongfeng,Dongfeng,aeolus-shine,Aeolus Shine,Aeolus Shine,ACQUISITION_BACKLOG,P1,false,0,0,0,CASCADE_READY
dongfeng,Dongfeng,box,Box,Box,ACQUISITION_BACKLOG,P1,false,0,0,0,CASCADE_READY
dongfeng,Dongfeng,captain,Captain,Captain,ACQUISITION_BACKLOG,P1,false,0,0,0,CASCADE_READY
dongfeng,Dongfeng,rich-6,Rich 6,Rich 6,ACQUISITION_BACKLOG,P1,false,0,0,0,CASCADE_READY
dongfeng,Dongfeng,rich-7,Rich 7,Rich 7,ACQUISITION_BACKLOG,P1,false,0,0,0,CASCADE_READY
dongfeng,Dongfeng,t5-evo,T5 Evo,T5 Evo,ACQUISITION_BACKLOG,P1,false,0,0,0,CASCADE_READY
dongfeng,Dongfeng,voyah-free,Voyah Free,Voyah Free,ACQUISITION_BACKLOG,P1,false,0,0,0,CASCADE_READY
dfsk,DFSK,c35,C35,C35,ACQUISITION_BACKLOG,P1,false,0,0,0,CASCADE_READY
dfsk,DFSK,c37,C37,C37,ACQUISITION_BACKLOG,P1,false,0,0,0,CASCADE_READY
dfsk,DFSK,glory-500,Glory 500,Glory 500,ACQUISITION_BACKLOG,P1,false,0,0,0,CASCADE_READY
dfsk,DFSK,glory-560,Glory 560,Glory 560,ACQUISITION_BACKLOG,P1,false,0,0,0,CASCADE_READY
dfsk,DFSK,glory-580,Glory 580,Glory 580,ACQUISITION_BACKLOG,P1,false,0,0,0,CASCADE_READY
dfsk,DFSK,seres-3,Seres 3,Seres 3,ACQUISITION_BACKLOG,P1,false,0,0,0,CASCADE_READY
gac,GAC,emkoo,Emkoo,Emkoo,ACQUISITION_BACKLOG,P1,false,0,0,0,CASCADE_READY
gac,GAC,emzoom,Emzoom,Emzoom,ACQUISITION_BACKLOG,P1,false,0,0,0,CASCADE_READY
gac,GAC,gs3,GS3,GS3,ACQUISITION_BACKLOG,P1,false,0,0,0,CASCADE_READY
gac,GAC,gs4,GS4,GS4,ACQUISITION_BACKLOG,P1,false,0,0,0,CASCADE_READY
gac,GAC,gs8,GS8,GS8,ACQUISITION_BACKLOG,P1,false,0,0,0,CASCADE_READY
gac,GAC,m8,M8,M8,ACQUISITION_BACKLOG,P1,false,0,0,0,CASCADE_READY
faw,FAW,v2,V2,V2,ACQUISITION_BACKLOG,P1,false,0,0,0,CASCADE_READY
faw,FAW,d20,D20,D20,ACQUISITION_BACKLOG,P1,false,0,0,0,CASCADE_READY
faw,FAW,bestune-b70,Bestune B70,Bestune,ACQUISITION_BACKLOG,P1,false,0,0,0,CASCADE_READY
faw,FAW,bestune-t77,Bestune T77,Bestune,ACQUISITION_BACKLOG,P1,false,0,0,0,CASCADE_READY
faw,FAW,bestune-t99,Bestune T99,Bestune,ACQUISITION_BACKLOG,P1,false,0,0,0,CASCADE_READY
faw,FAW,jiefang-j6,Jiefang J6,Jiefang,ACQUISITION_BACKLOG,P1,false,0,0,0,CASCADE_READY
faw,FAW,jiefang-jh6,Jiefang JH6,Jiefang,ACQUISITION_BACKLOG,P1,false,0,0,0,CASCADE_READY
maxus,Maxus / LDV,t60,T60,T60,ACQUISITION_BACKLOG,P1,false,0,0,0,CASCADE_READY
maxus,Maxus / LDV,t90,T90,T90,ACQUISITION_BACKLOG,P1,false,0,0,0,CASCADE_READY
maxus,Maxus / LDV,d90,D90,D90,ACQUISITION_BACKLOG,P1,false,0,0,0,CASCADE_READY
maxus,Maxus / LDV,g10,G10,G10,ACQUISITION_BACKLOG,P1,false,0,0,0,CASCADE_READY
maxus,Maxus / LDV,g20,G20,G20,ACQUISITION_BACKLOG,P1,false,0,0,0,CASCADE_READY
maxus,Maxus / LDV,deliver-9,Deliver 9,Deliver 9,ACQUISITION_BACKLOG,P1,false,0,0,0,CASCADE_READY
maxus,Maxus / LDV,edeliver-3,eDeliver 3,eDeliver 3,ACQUISITION_BACKLOG,P1,false,0,0,0,CASCADE_READY
leapmotor,Leapmotor,t03,T03,T03,ACQUISITION_BACKLOG,P2,false,0,0,0,CASCADE_READY
leapmotor,Leapmotor,b10,B10,B10,ACQUISITION_BACKLOG,P2,false,0,0,0,CASCADE_READY
leapmotor,Leapmotor,c10,C10,C10,ACQUISITION_BACKLOG,P2,false,0,0,0,CASCADE_READY
zeekr,Zeekr,001,001,001,ACQUISITION_BACKLOG,P2,false,0,0,0,CASCADE_READY
zeekr,Zeekr,007,007,007,ACQUISITION_BACKLOG,P2,false,0,0,0,CASCADE_READY
zeekr,Zeekr,7x,7X,7X,ACQUISITION_BACKLOG,P2,false,0,0,0,CASCADE_READY
zeekr,Zeekr,x,X,X,ACQUISITION_BACKLOG,P2,false,0,0,0,CASCADE_READY
xpeng,XPeng,g6,G6,G6,ACQUISITION_BACKLOG,P2,false,0,0,0,CASCADE_READY
xpeng,XPeng,g9,G9,G9,ACQUISITION_BACKLOG,P2,false,0,0,0,CASCADE_READY
xpeng,XPeng,p7,P7,P7,ACQUISITION_BACKLOG,P2,false,0,0,0,CASCADE_READY
mahindra,Mahindra,bolero,Bolero,Bolero,ACQUISITION_BACKLOG,P0,false,0,0,0,CASCADE_READY
mahindra,Mahindra,kuv100,KUV100,KUV100,ACQUISITION_BACKLOG,P0,false,0,0,0,CASCADE_READY
mahindra,Mahindra,pik-up,Pik Up,Pik Up,ACQUISITION_BACKLOG,P0,false,0,0,0,CASCADE_READY
mahindra,Mahindra,scorpio,Scorpio,Scorpio,ACQUISITION_BACKLOG,P0,false,0,0,0,CASCADE_READY
mahindra,Mahindra,scorpio-n,Scorpio-N,Scorpio-N,ACQUISITION_BACKLOG,P0,false,0,0,0,CASCADE_READY
mahindra,Mahindra,thar,Thar,Thar,ACQUISITION_BACKLOG,P0,false,0,0,0,CASCADE_READY
mahindra,Mahindra,xuv300,XUV300,XUV300,ACQUISITION_BACKLOG,P0,false,0,0,0,CASCADE_READY
mahindra,Mahindra,xuv3xo,XUV3XO,XUV3XO,ACQUISITION_BACKLOG,P0,false,0,0,0,CASCADE_READY
mahindra,Mahindra,xuv500,XUV500,XUV500,ACQUISITION_BACKLOG,P0,false,0,0,0,CASCADE_READY
mahindra,Mahindra,xuv700,XUV700,XUV700,ACQUISITION_BACKLOG,P0,false,0,0,0,CASCADE_READY
tata,Tata,indica,Indica,Indica,ACQUISITION_BACKLOG,P0,false,0,0,0,CASCADE_READY
tata,Tata,vista,Vista,Vista,ACQUISITION_BACKLOG,P0,false,0,0,0,CASCADE_READY
tata,Tata,bolt,Bolt,Bolt,ACQUISITION_BACKLOG,P0,false,0,0,0,CASCADE_READY
tata,Tata,tiago,Tiago,Tiago,ACQUISITION_BACKLOG,P0,false,0,0,0,CASCADE_READY
tata,Tata,tigor,Tigor,Tigor,ACQUISITION_BACKLOG,P0,false,0,0,0,CASCADE_READY
tata,Tata,nexon,Nexon,Nexon,ACQUISITION_BACKLOG,P0,false,0,0,0,CASCADE_READY
tata,Tata,harrier,Harrier,Harrier,ACQUISITION_BACKLOG,P0,false,0,0,0,CASCADE_READY
tata,Tata,safari,Safari,Safari,ACQUISITION_BACKLOG,P0,false,0,0,0,CASCADE_READY
tata,Tata,xenon,Xenon,Xenon,ACQUISITION_BACKLOG,P0,false,0,0,0,CASCADE_READY
tata,Tata,super-ace,Super Ace,Super Ace,ACQUISITION_BACKLOG,P0,false,0,0,0,CASCADE_READY
tata,Tata,ultra,Ultra,Ultra,ACQUISITION_BACKLOG,P0,false,0,0,0,CASCADE_READY
tata,Tata,prima,Prima,Prima,ACQUISITION_BACKLOG,P0,false,0,0,0,CASCADE_READY
renault,Renault,kwid,Kwid,Kwid,ACQUISITION_BACKLOG,P0,false,0,0,0,CASCADE_READY
renault,Renault,clio,Clio,Clio,ACQUISITION_BACKLOG,P0,false,0,0,0,CASCADE_READY
renault,Renault,sandero,Sandero,Sandero,ACQUISITION_BACKLOG,P0,false,0,0,0,CASCADE_READY
renault,Renault,duster,Duster,Duster,ACQUISITION_BACKLOG,P0,false,0,0,0,CASCADE_READY
renault,Renault,captur,Captur,Captur,ACQUISITION_BACKLOG,P0,false,0,0,0,CASCADE_READY
renault,Renault,koleos,Koleos,Koleos,ACQUISITION_BACKLOG,P0,false,0,0,0,CASCADE_READY
renault,Renault,megane,Megane,Megane,ACQUISITION_BACKLOG,P0,false,0,0,0,CASCADE_READY
renault,Renault,triber,Triber,Triber,ACQUISITION_BACKLOG,P0,false,0,0,0,CASCADE_READY
renault,Renault,kiger,Kiger,Kiger,ACQUISITION_BACKLOG,P0,false,0,0,0,CASCADE_READY
renault,Renault,kangoo,Kangoo,Kangoo,ACQUISITION_BACKLOG,P0,false,0,0,0,CASCADE_READY
renault,Renault,master,Master,Master,ACQUISITION_BACKLOG,P0,false,0,0,0,CASCADE_READY
renault,Renault,trafic,Trafic,Trafic,ACQUISITION_BACKLOG,P0,false,0,0,0,CASCADE_READY
renault,Renault,fluence,Fluence,Fluence,ACQUISITION_BACKLOG,P0,false,0,0,0,CASCADE_READY
renault,Renault,laguna,Laguna,Laguna,ACQUISITION_BACKLOG,P0,false,0,0,0,CASCADE_READY
renault,Renault,scenic,Scenic,Scenic,ACQUISITION_BACKLOG,P0,false,0,0,0,CASCADE_READY
land-rover,Land Rover,defender-l316,Defender L316,Defender,ACQUISITION_BACKLOG,P0,false,0,0,0,CASCADE_READY
land-rover,Land Rover,defender-l663,Defender L663,Defender,ACQUISITION_BACKLOG,P0,false,0,0,0,CASCADE_READY
land-rover,Land Rover,discovery-1,Discovery 1,Discovery 1,ACQUISITION_BACKLOG,P0,false,0,0,0,CASCADE_READY
land-rover,Land Rover,discovery-2,Discovery 2,Discovery 2,ACQUISITION_BACKLOG,P0,false,0,0,0,CASCADE_READY
land-rover,Land Rover,discovery-3,Discovery 3,Discovery 3,ACQUISITION_BACKLOG,P0,false,0,0,0,CASCADE_READY
land-rover,Land Rover,discovery-4,Discovery 4,Discovery 4,ACQUISITION_BACKLOG,P0,false,0,0,0,CASCADE_READY
land-rover,Land Rover,discovery-5,Discovery 5,Discovery 5,ACQUISITION_BACKLOG,P0,false,0,0,0,CASCADE_READY
land-rover,Land Rover,discovery-sport,Discovery Sport,Discovery Sport,ACQUISITION_BACKLOG,P0,false,0,0,0,CASCADE_READY
land-rover,Land Rover,freelander-1,Freelander 1,Freelander 1,ACQUISITION_BACKLOG,P0,false,0,0,0,CASCADE_READY
land-rover,Land Rover,freelander-2,Freelander 2,Freelander 2,ACQUISITION_BACKLOG,P0,false,0,0,0,CASCADE_READY
land-rover,Land Rover,range-rover,Range Rover,Range Rover,ACQUISITION_BACKLOG,P0,false,0,0,0,CASCADE_READY
land-rover,Land Rover,range-rover-sport,Range Rover Sport,Range Rover Sport,ACQUISITION_BACKLOG,P0,false,0,0,0,CASCADE_READY
land-rover,Land Rover,range-rover-evoque,Range Rover Evoque,Range Rover Evoque,ACQUISITION_BACKLOG,P0,false,0,0,0,CASCADE_READY
land-rover,Land Rover,range-rover-velar,Range Rover Velar,Range Rover Velar,ACQUISITION_BACKLOG,P0,false,0,0,0,CASCADE_READY
jaguar,Jaguar,e-pace,E-Pace,E-Pace,ACQUISITION_BACKLOG,P1,false,0,0,0,CASCADE_READY
jaguar,Jaguar,f-pace,F-Pace,F-Pace,ACQUISITION_BACKLOG,P1,false,0,0,0,CASCADE_READY
jaguar,Jaguar,f-type,F-Type,F-Type,ACQUISITION_BACKLOG,P1,false,0,0,0,CASCADE_READY
jaguar,Jaguar,i-pace,I-Pace,I-Pace,ACQUISITION_BACKLOG,P1,false,0,0,0,CASCADE_READY
jaguar,Jaguar,s-type,S-Type,S-Type,ACQUISITION_BACKLOG,P1,false,0,0,0,CASCADE_READY
jaguar,Jaguar,x-type,X-Type,X-Type,ACQUISITION_BACKLOG,P1,false,0,0,0,CASCADE_READY
jaguar,Jaguar,xe,XE,XE,ACQUISITION_BACKLOG,P1,false,0,0,0,CASCADE_READY
jaguar,Jaguar,xf,XF,XF,ACQUISITION_BACKLOG,P1,false,0,0,0,CASCADE_READY
jaguar,Jaguar,xj,XJ,XJ,ACQUISITION_BACKLOG,P1,false,0,0,0,CASCADE_READY
jaguar,Jaguar,xk,XK,XK,ACQUISITION_BACKLOG,P1,false,0,0,0,CASCADE_READY
tesla,Tesla,model-3,Model 3,Model 3,ACQUISITION_BACKLOG,P1,false,0,0,0,CASCADE_READY
tesla,Tesla,model-s,Model S,Model S,ACQUISITION_BACKLOG,P1,false,0,0,0,CASCADE_READY
tesla,Tesla,model-x,Model X,Model,ACQUISITION_BACKLOG,P1,false,0,0,0,CASCADE_READY
tesla,Tesla,model-y,Model Y,Model Y,ACQUISITION_BACKLOG,P1,false,0,0,0,CASCADE_READY
tesla,Tesla,cybertruck,Cybertruck,Cybertruck,ACQUISITION_BACKLOG,P1,false,0,0,0,CASCADE_READY
tesla,Tesla,roadster,Roadster,Roadster,ACQUISITION_BACKLOG,P1,false,0,0,0,CASCADE_READY
tesla,Tesla,semi,Semi,Semi,ACQUISITION_BACKLOG,P1,false,0,0,0,CASCADE_READY
seat,SEAT,alhambra,Alhambra,Alhambra,ACQUISITION_BACKLOG,P2,false,0,0,0,CASCADE_READY
seat,SEAT,altea,Altea,Altea,ACQUISITION_BACKLOG,P2,false,0,0,0,CASCADE_READY
seat,SEAT,arona,Arona,Arona,ACQUISITION_BACKLOG,P2,false,0,0,0,CASCADE_READY
seat,SEAT,ateca,Ateca,Ateca,ACQUISITION_BACKLOG,P2,false,0,0,0,CASCADE_READY
seat,SEAT,cordoba,Cordoba,Cordoba,ACQUISITION_BACKLOG,P2,false,0,0,0,CASCADE_READY
seat,SEAT,ibiza,Ibiza,Ibiza,ACQUISITION_BACKLOG,P2,false,0,0,0,CASCADE_READY
seat,SEAT,leon,Leon,Leon,ACQUISITION_BACKLOG,P2,false,0,0,0,CASCADE_READY
seat,SEAT,tarraco,Tarraco,Tarraco,ACQUISITION_BACKLOG,P2,false,0,0,0,CASCADE_READY
seat,SEAT,toledo,Toledo,Toledo,ACQUISITION_BACKLOG,P2,false,0,0,0,CASCADE_READY
cupra,Cupra,ateca,Ateca,Ateca,ACQUISITION_BACKLOG,P2,false,0,0,0,CASCADE_READY
cupra,Cupra,born,Born,Born,ACQUISITION_BACKLOG,P2,false,0,0,0,CASCADE_READY
cupra,Cupra,formentor,Formentor,Formentor,ACQUISITION_BACKLOG,P2,false,0,0,0,CASCADE_READY
cupra,Cupra,leon,Leon,Leon,ACQUISITION_BACKLOG,P2,false,0,0,0,CASCADE_READY
cupra,Cupra,tavascan,Tavascan,Tavascan,ACQUISITION_BACKLOG,P2,false,0,0,0,CASCADE_READY
cupra,Cupra,terramar,Terramar,Terramar,ACQUISITION_BACKLOG,P2,false,0,0,0,CASCADE_READY
alfa-romeo,Alfa Romeo,147,147,147,ACQUISITION_BACKLOG,P2,false,0,0,0,CASCADE_READY
alfa-romeo,Alfa Romeo,156,156,156,ACQUISITION_BACKLOG,P2,false,0,0,0,CASCADE_READY
alfa-romeo,Alfa Romeo,159,159,159,ACQUISITION_BACKLOG,P2,false,0,0,0,CASCADE_READY
alfa-romeo,Alfa Romeo,giulia,Giulia,Giulia,ACQUISITION_BACKLOG,P2,false,0,0,0,CASCADE_READY
alfa-romeo,Alfa Romeo,giulietta,Giulietta,Giulietta,ACQUISITION_BACKLOG,P2,false,0,0,0,CASCADE_READY
alfa-romeo,Alfa Romeo,mito,MiTo,MiTo,ACQUISITION_BACKLOG,P2,false,0,0,0,CASCADE_READY
alfa-romeo,Alfa Romeo,stelvio,Stelvio,Stelvio,ACQUISITION_BACKLOG,P2,false,0,0,0,CASCADE_READY
alfa-romeo,Alfa Romeo,tonale,Tonale,Tonale,ACQUISITION_BACKLOG,P2,false,0,0,0,CASCADE_READY
genesis,Genesis,g70,G70,G70,ACQUISITION_BACKLOG,P2,false,0,0,0,CASCADE_READY
genesis,Genesis,g80,G80,G80,ACQUISITION_BACKLOG,P2,false,0,0,0,CASCADE_READY
genesis,Genesis,g90,G90,G90,ACQUISITION_BACKLOG,P2,false,0,0,0,CASCADE_READY
genesis,Genesis,gv60,GV60,GV60,ACQUISITION_BACKLOG,P2,false,0,0,0,CASCADE_READY
genesis,Genesis,gv70,GV70,GV70,ACQUISITION_BACKLOG,P2,false,0,0,0,CASCADE_READY
genesis,Genesis,gv80,GV80,GV80,ACQUISITION_BACKLOG,P2,false,0,0,0,CASCADE_READY
proton,Proton,gen-2,Gen-2,Gen-2,ACQUISITION_BACKLOG,P2,false,0,0,0,CASCADE_READY
proton,Proton,persona,Persona,Persona,ACQUISITION_BACKLOG,P2,false,0,0,0,CASCADE_READY
proton,Proton,saga,Saga,Saga,ACQUISITION_BACKLOG,P2,false,0,0,0,CASCADE_READY
proton,Proton,savvy,Savvy,Savvy,ACQUISITION_BACKLOG,P2,false,0,0,0,CASCADE_READY
proton,Proton,satria,Satria,Satria,ACQUISITION_BACKLOG,P2,false,0,0,0,CASCADE_READY
proton,Proton,waja,Waja,Waja,ACQUISITION_BACKLOG,P2,false,0,0,0,CASCADE_READY
proton,Proton,x50,X50,X50,ACQUISITION_BACKLOG,P2,false,0,0,0,CASCADE_READY
proton,Proton,x70,X70,X70,ACQUISITION_BACKLOG,P2,false,0,0,0,CASCADE_READY
acura,Acura,cl,CL,CL,ACQUISITION_BACKLOG,P2,false,0,0,0,CASCADE_READY
acura,Acura,ilx,ILX,ILX,ACQUISITION_BACKLOG,P2,false,0,0,0,CASCADE_READY
acura,Acura,integra,Integra,Integra,ACQUISITION_BACKLOG,P2,false,0,0,0,CASCADE_READY
acura,Acura,mdx,MDX,MDX,ACQUISITION_BACKLOG,P2,false,0,0,0,CASCADE_READY
acura,Acura,nsx,NSX,NSX,ACQUISITION_BACKLOG,P2,false,0,0,0,CASCADE_READY
acura,Acura,rdx,RDX,RDX,ACQUISITION_BACKLOG,P2,false,0,0,0,CASCADE_READY
acura,Acura,rl,RL,RL,ACQUISITION_BACKLOG,P2,false,0,0,0,CASCADE_READY
acura,Acura,rlx,RLX,RLX,ACQUISITION_BACKLOG,P2,false,0,0,0,CASCADE_READY
acura,Acura,tl,TL,TL,ACQUISITION_BACKLOG,P2,false,0,0,0,CASCADE_READY
acura,Acura,tlx,TLX,TLX,ACQUISITION_BACKLOG,P2,false,0,0,0,CASCADE_READY
